,p1,p2,average,accumulated,win_ratio,max_win,max_loss
0,5.0,10.0,0.004,1.668,0.309,0.283,-0.085
1,5.0,11.0,0.004,1.751,0.316,0.283,-0.085
2,5.0,12.0,0.004,1.891,0.305,0.298,-0.085
3,5.0,13.0,0.005,1.953,0.315,0.298,-0.085
4,5.0,14.0,0.005,1.975,0.316,0.316,-0.085
5,5.0,15.0,0.006,2.115,0.333,0.316,-0.085
6,5.0,16.0,0.006,2.163,0.333,0.316,-0.085
7,5.0,17.0,0.007,2.281,0.339,0.316,-0.085
8,5.0,18.0,0.007,2.323,0.325,0.316,-0.085
9,5.0,19.0,0.007,2.303,0.32,0.316,-0.085
10,5.0,20.0,0.007,2.23,0.317,0.316,-0.085
11,5.0,21.0,0.008,2.299,0.321,0.316,-0.085
12,5.0,22.0,0.009,2.486,0.329,0.349,-0.085
13,5.0,23.0,0.009,2.443,0.322,0.334,-0.085
14,5.0,24.0,0.009,2.477,0.326,0.334,-0.092
15,5.0,25.0,0.009,2.447,0.312,0.334,-0.092
16,5.0,26.0,0.009,2.454,0.314,0.574,-0.092
17,5.0,27.0,0.009,2.381,0.312,0.574,-0.092
18,5.0,28.0,0.009,2.34,0.318,0.477,-0.092
19,5.0,29.0,0.009,2.211,0.312,0.477,-0.092
20,5.0,30.0,0.009,2.254,0.313,0.477,-0.069
21,5.0,31.0,0.009,2.29,0.303,0.477,-0.069
22,5.0,32.0,0.009,2.314,0.311,0.477,-0.069
23,5.0,33.0,0.01,2.451,0.326,0.477,-0.068
24,5.0,34.0,0.011,2.482,0.329,0.477,-0.068
25,5.0,35.0,0.011,2.443,0.332,0.477,-0.068
26,5.0,36.0,0.011,2.406,0.315,0.477,-0.068
27,5.0,37.0,0.011,2.392,0.317,0.477,-0.068
28,5.0,38.0,0.012,2.523,0.318,0.477,-0.068
29,5.0,39.0,0.013,2.614,0.338,0.477,-0.065
30,5.0,40.0,0.014,2.717,0.347,0.477,-0.065
31,5.0,41.0,0.014,2.734,0.33,0.477,-0.065
32,5.0,42.0,0.014,2.773,0.32,0.477,-0.065
33,5.0,43.0,0.014,2.688,0.313,0.477,-0.065
34,5.0,44.0,0.014,2.641,0.318,0.477,-0.065
35,5.0,45.0,0.014,2.675,0.312,0.477,-0.052
36,5.0,46.0,0.014,2.695,0.307,0.477,-0.052
37,5.0,47.0,0.015,2.744,0.317,0.477,-0.052
38,5.0,48.0,0.014,2.733,0.305,0.477,-0.052
39,5.0,49.0,0.015,2.753,0.315,0.529,-0.052
40,5.0,50.0,0.015,2.744,0.313,0.529,-0.053
41,5.0,51.0,0.015,2.686,0.309,0.529,-0.053
42,5.0,52.0,0.016,2.792,0.314,0.529,-0.052
43,5.0,53.0,0.016,2.753,0.316,0.529,-0.052
44,5.0,54.0,0.017,2.845,0.304,0.526,-0.052
45,6.0,11.0,0.005,1.892,0.319,0.298,-0.085
46,6.0,12.0,0.005,1.981,0.312,0.316,-0.085
47,6.0,13.0,0.006,2.168,0.334,0.316,-0.085
48,6.0,14.0,0.006,2.205,0.341,0.316,-0.085
49,6.0,15.0,0.007,2.213,0.339,0.316,-0.085
50,6.0,16.0,0.007,2.322,0.323,0.316,-0.085
51,6.0,17.0,0.008,2.378,0.333,0.316,-0.085
52,6.0,18.0,0.008,2.345,0.323,0.316,-0.085
53,6.0,19.0,0.009,2.4,0.333,0.316,-0.085
54,6.0,20.0,0.009,2.487,0.346,0.349,-0.085
55,6.0,21.0,0.01,2.55,0.357,0.334,-0.085
56,6.0,22.0,0.01,2.465,0.351,0.334,-0.092
57,6.0,23.0,0.01,2.471,0.352,0.334,-0.092
58,6.0,24.0,0.01,2.564,0.324,0.574,-0.092
59,6.0,25.0,0.01,2.44,0.327,0.477,-0.092
60,6.0,26.0,0.01,2.397,0.328,0.477,-0.092
61,6.0,27.0,0.01,2.363,0.314,0.477,-0.092
62,6.0,28.0,0.009,2.289,0.31,0.477,-0.092
63,6.0,29.0,0.009,2.162,0.303,0.477,-0.099
64,6.0,30.0,0.01,2.355,0.316,0.477,-0.069
65,6.0,31.0,0.01,2.374,0.326,0.477,-0.069
66,6.0,32.0,0.011,2.389,0.323,0.477,-0.068
67,6.0,33.0,0.012,2.494,0.336,0.477,-0.068
68,6.0,34.0,0.012,2.481,0.337,0.477,-0.068
69,6.0,35.0,0.012,2.449,0.348,0.477,-0.068
70,6.0,36.0,0.012,2.526,0.338,0.477,-0.065
71,6.0,37.0,0.013,2.67,0.335,0.477,-0.065
72,6.0,38.0,0.014,2.689,0.332,0.477,-0.065
73,6.0,39.0,0.014,2.706,0.337,0.477,-0.065
74,6.0,40.0,0.014,2.738,0.333,0.477,-0.065
75,6.0,41.0,0.015,2.778,0.333,0.477,-0.065
76,6.0,42.0,0.015,2.766,0.328,0.477,-0.065
77,6.0,43.0,0.016,2.79,0.341,0.477,-0.065
78,6.0,44.0,0.016,2.8,0.333,0.529,-0.065
79,6.0,45.0,0.016,2.857,0.326,0.529,-0.065
80,6.0,46.0,0.017,2.867,0.324,0.529,-0.065
81,6.0,47.0,0.017,2.857,0.324,0.529,-0.065
82,6.0,48.0,0.016,2.852,0.318,0.529,-0.053
83,6.0,49.0,0.017,2.842,0.327,0.529,-0.053
84,6.0,50.0,0.017,2.815,0.329,0.554,-0.053
85,6.0,51.0,0.018,2.823,0.323,0.526,-0.053
86,6.0,52.0,0.018,2.897,0.331,0.526,-0.053
87,6.0,53.0,0.019,3.007,0.317,0.526,-0.044
88,6.0,54.0,0.019,3.051,0.319,0.526,-0.044
89,6.0,55.0,0.019,3.028,0.308,0.62,-0.066
90,7.0,12.0,0.006,2.217,0.342,0.316,-0.085
91,7.0,13.0,0.006,2.102,0.327,0.316,-0.085
92,7.0,14.0,0.007,2.177,0.331,0.316,-0.085
93,7.0,15.0,0.007,2.276,0.333,0.316,-0.085
94,7.0,16.0,0.008,2.423,0.346,0.316,-0.085
95,7.0,17.0,0.009,2.457,0.355,0.316,-0.085
96,7.0,18.0,0.009,2.387,0.347,0.349,-0.085
97,7.0,19.0,0.01,2.516,0.359,0.334,-0.085
98,7.0,20.0,0.01,2.44,0.353,0.334,-0.085
99,7.0,21.0,0.01,2.42,0.333,0.334,-0.092
100,7.0,22.0,0.01,2.497,0.331,0.574,-0.092
101,7.0,23.0,0.009,2.242,0.325,0.477,-0.092
102,7.0,24.0,0.009,2.208,0.319,0.477,-0.092
103,7.0,25.0,0.01,2.298,0.316,0.477,-0.092
104,7.0,26.0,0.01,2.273,0.322,0.477,-0.099
105,7.0,27.0,0.009,2.201,0.305,0.477,-0.099
106,7.0,28.0,0.01,2.217,0.314,0.477,-0.099
107,7.0,29.0,0.011,2.389,0.319,0.477,-0.099
108,7.0,30.0,0.012,2.476,0.324,0.477,-0.099
109,7.0,31.0,0.012,2.443,0.33,0.477,-0.068
110,7.0,32.0,0.013,2.494,0.348,0.477,-0.068
111,7.0,33.0,0.013,2.581,0.354,0.477,-0.065
112,7.0,34.0,0.013,2.588,0.354,0.477,-0.065
113,7.0,35.0,0.014,2.684,0.346,0.477,-0.065
114,7.0,36.0,0.014,2.651,0.335,0.477,-0.065
115,7.0,37.0,0.014,2.63,0.333,0.477,-0.065
116,7.0,38.0,0.014,2.664,0.33,0.477,-0.065
117,7.0,39.0,0.016,2.791,0.326,0.529,-0.065
118,7.0,40.0,0.016,2.87,0.331,0.529,-0.065
119,7.0,41.0,0.016,2.792,0.331,0.529,-0.065
120,7.0,42.0,0.017,2.818,0.343,0.529,-0.065
121,7.0,43.0,0.017,2.858,0.341,0.529,-0.065
122,7.0,44.0,0.017,2.771,0.339,0.529,-0.065
123,7.0,45.0,0.016,2.678,0.327,0.529,-0.065
124,7.0,46.0,0.017,2.777,0.329,0.554,-0.065
125,7.0,47.0,0.017,2.754,0.329,0.526,-0.065
126,7.0,48.0,0.017,2.757,0.327,0.526,-0.065
127,7.0,49.0,0.018,2.776,0.323,0.526,-0.065
128,7.0,50.0,0.019,2.909,0.325,0.526,-0.053
129,7.0,51.0,0.019,2.901,0.318,0.526,-0.053
130,7.0,52.0,0.02,2.969,0.329,0.62,-0.066
131,7.0,53.0,0.02,2.99,0.313,0.62,-0.066
132,7.0,54.0,0.02,2.936,0.322,0.62,-0.066
133,7.0,55.0,0.02,2.907,0.324,0.606,-0.066
134,7.0,56.0,0.021,2.948,0.329,0.606,-0.066
135,8.0,13.0,0.007,2.228,0.337,0.316,-0.085
136,8.0,14.0,0.008,2.322,0.35,0.316,-0.085
137,8.0,15.0,0.009,2.448,0.357,0.316,-0.085
138,8.0,16.0,0.009,2.487,0.357,0.349,-0.085
139,8.0,17.0,0.009,2.449,0.359,0.349,-0.085
140,8.0,18.0,0.01,2.391,0.344,0.334,-0.085
141,8.0,19.0,0.009,2.33,0.329,0.334,-0.092
142,8.0,20.0,0.01,2.374,0.337,0.334,-0.092
143,8.0,21.0,0.01,2.283,0.325,0.477,-0.092
144,8.0,22.0,0.009,2.143,0.305,0.477,-0.092
145,8.0,23.0,0.01,2.254,0.305,0.477,-0.092
146,8.0,24.0,0.01,2.228,0.301,0.477,-0.099
147,8.0,25.0,0.01,2.147,0.303,0.477,-0.099
148,8.0,26.0,0.01,2.235,0.329,0.477,-0.099
149,8.0,27.0,0.011,2.272,0.324,0.477,-0.099
150,8.0,28.0,0.013,2.478,0.343,0.477,-0.099
151,8.0,29.0,0.013,2.556,0.352,0.477,-0.1
152,8.0,30.0,0.013,2.492,0.349,0.477,-0.084
153,8.0,31.0,0.014,2.67,0.367,0.477,-0.065
154,8.0,32.0,0.013,2.48,0.351,0.477,-0.065
155,8.0,33.0,0.014,2.574,0.352,0.477,-0.065
156,8.0,34.0,0.015,2.702,0.352,0.477,-0.065
157,8.0,35.0,0.014,2.588,0.335,0.477,-0.065
158,8.0,36.0,0.015,2.699,0.33,0.529,-0.065
159,8.0,37.0,0.015,2.623,0.324,0.529,-0.065
160,8.0,38.0,0.015,2.716,0.335,0.529,-0.065
161,8.0,39.0,0.016,2.724,0.351,0.529,-0.065
162,8.0,40.0,0.016,2.694,0.343,0.529,-0.065
163,8.0,41.0,0.017,2.734,0.345,0.529,-0.065
164,8.0,42.0,0.017,2.719,0.342,0.554,-0.065
165,8.0,43.0,0.018,2.78,0.346,0.554,-0.065
166,8.0,44.0,0.018,2.789,0.346,0.526,-0.065
167,8.0,45.0,0.018,2.865,0.34,0.526,-0.065
168,8.0,46.0,0.019,2.876,0.338,0.526,-0.065
169,8.0,47.0,0.019,2.847,0.333,0.526,-0.065
170,8.0,48.0,0.018,2.824,0.314,0.526,-0.065
171,8.0,49.0,0.02,2.913,0.306,0.62,-0.066
172,8.0,50.0,0.021,2.911,0.326,0.606,-0.066
173,8.0,51.0,0.021,2.925,0.333,0.606,-0.066
174,8.0,52.0,0.022,2.988,0.343,0.606,-0.076
175,8.0,53.0,0.023,2.994,0.353,0.606,-0.076
176,8.0,54.0,0.022,2.977,0.341,0.606,-0.076
177,8.0,55.0,0.023,3.018,0.348,0.606,-0.076
178,8.0,56.0,0.023,3.038,0.346,0.606,-0.076
179,8.0,57.0,0.025,3.093,0.373,0.606,-0.076
180,9.0,14.0,0.009,2.545,0.357,0.349,-0.085
181,9.0,15.0,0.009,2.486,0.364,0.349,-0.085
182,9.0,16.0,0.009,2.419,0.355,0.334,-0.085
183,9.0,17.0,0.01,2.407,0.344,0.334,-0.085
184,9.0,18.0,0.01,2.378,0.337,0.334,-0.092
185,9.0,19.0,0.011,2.417,0.326,0.477,-0.092
186,9.0,20.0,0.01,2.311,0.313,0.477,-0.092
187,9.0,21.0,0.009,2.167,0.3,0.477,-0.092
188,9.0,22.0,0.01,2.264,0.308,0.477,-0.099
189,9.0,23.0,0.011,2.274,0.322,0.477,-0.099
190,9.0,24.0,0.011,2.309,0.319,0.477,-0.099
191,9.0,25.0,0.011,2.343,0.328,0.477,-0.099
192,9.0,26.0,0.012,2.429,0.343,0.477,-0.099
193,9.0,27.0,0.013,2.538,0.36,0.477,-0.1
194,9.0,28.0,0.013,2.51,0.36,0.477,-0.1
195,9.0,29.0,0.014,2.605,0.368,0.477,-0.1
196,9.0,30.0,0.014,2.618,0.355,0.477,-0.084
197,9.0,31.0,0.016,2.763,0.368,0.477,-0.084
198,9.0,32.0,0.015,2.65,0.351,0.477,-0.065
199,9.0,33.0,0.015,2.656,0.343,0.529,-0.065
200,9.0,34.0,0.015,2.631,0.339,0.529,-0.065
201,9.0,35.0,0.015,2.643,0.341,0.529,-0.065
202,9.0,36.0,0.016,2.71,0.351,0.529,-0.065
203,9.0,37.0,0.016,2.635,0.347,0.529,-0.065
204,9.0,38.0,0.016,2.642,0.356,0.529,-0.065
205,9.0,39.0,0.016,2.65,0.358,0.554,-0.065
206,9.0,40.0,0.017,2.689,0.351,0.554,-0.065
207,9.0,41.0,0.017,2.698,0.342,0.526,-0.065
208,9.0,42.0,0.018,2.802,0.344,0.526,-0.065
209,9.0,43.0,0.019,2.901,0.349,0.526,-0.065
210,9.0,44.0,0.02,2.864,0.342,0.526,-0.065
211,9.0,45.0,0.021,2.923,0.338,0.526,-0.065
212,9.0,46.0,0.02,2.886,0.329,0.562,-0.066
213,9.0,47.0,0.02,2.919,0.322,0.606,-0.076
214,9.0,48.0,0.021,2.955,0.322,0.606,-0.076
215,9.0,49.0,0.021,2.907,0.336,0.606,-0.076
216,9.0,50.0,0.022,2.961,0.341,0.606,-0.076
217,9.0,51.0,0.023,2.997,0.348,0.606,-0.076
218,9.0,52.0,0.024,3.019,0.36,0.606,-0.076
219,9.0,53.0,0.024,3.007,0.354,0.606,-0.076
220,9.0,54.0,0.024,3.036,0.354,0.606,-0.076
221,9.0,55.0,0.026,3.105,0.372,0.606,-0.076
222,9.0,56.0,0.027,3.156,0.381,0.606,-0.076
223,9.0,57.0,0.028,3.214,0.362,0.636,-0.076
224,9.0,58.0,0.027,3.184,0.359,0.636,-0.076
225,10.0,15.0,0.01,2.418,0.35,0.334,-0.085
226,10.0,16.0,0.01,2.338,0.339,0.334,-0.092
227,10.0,17.0,0.01,2.293,0.345,0.334,-0.092
228,10.0,18.0,0.011,2.376,0.333,0.477,-0.092
229,10.0,19.0,0.01,2.325,0.314,0.477,-0.092
230,10.0,20.0,0.01,2.276,0.317,0.477,-0.092
231,10.0,21.0,0.011,2.303,0.318,0.477,-0.099
232,10.0,22.0,0.011,2.274,0.333,0.477,-0.099
233,10.0,23.0,0.011,2.347,0.325,0.477,-0.099
234,10.0,24.0,0.012,2.439,0.35,0.477,-0.099
235,10.0,25.0,0.013,2.476,0.347,0.477,-0.1
236,10.0,26.0,0.014,2.52,0.366,0.477,-0.1
237,10.0,27.0,0.014,2.577,0.365,0.477,-0.1
238,10.0,28.0,0.015,2.669,0.376,0.477,-0.1
239,10.0,29.0,0.016,2.737,0.379,0.477,-0.084
240,10.0,30.0,0.017,2.867,0.369,0.529,-0.084
241,10.0,31.0,0.017,2.858,0.361,0.529,-0.062
242,10.0,32.0,0.016,2.684,0.359,0.529,-0.062
243,10.0,33.0,0.015,2.607,0.351,0.529,-0.062
244,10.0,34.0,0.015,2.558,0.359,0.529,-0.062
245,10.0,35.0,0.016,2.552,0.362,0.529,-0.065
246,10.0,36.0,0.015,2.5,0.35,0.554,-0.065
247,10.0,37.0,0.017,2.586,0.368,0.554,-0.065
248,10.0,38.0,0.018,2.692,0.367,0.554,-0.065
249,10.0,39.0,0.018,2.699,0.338,0.526,-0.065
250,10.0,40.0,0.019,2.829,0.344,0.526,-0.065
251,10.0,41.0,0.019,2.862,0.345,0.526,-0.065
252,10.0,42.0,0.02,2.912,0.347,0.526,-0.065
253,10.0,43.0,0.021,2.909,0.343,0.526,-0.065
254,10.0,44.0,0.021,2.877,0.331,0.606,-0.076
255,10.0,45.0,0.021,2.916,0.338,0.606,-0.076
256,10.0,46.0,0.022,2.965,0.343,0.606,-0.076
257,10.0,47.0,0.022,2.893,0.348,0.606,-0.076
258,10.0,48.0,0.022,2.888,0.349,0.606,-0.076
259,10.0,49.0,0.023,2.888,0.354,0.606,-0.076
260,10.0,50.0,0.023,2.9,0.354,0.606,-0.076
261,10.0,51.0,0.024,2.979,0.36,0.606,-0.076
262,10.0,52.0,0.026,3.161,0.364,0.606,-0.076
263,10.0,53.0,0.026,3.121,0.372,0.606,-0.076
264,10.0,54.0,0.026,3.167,0.367,0.606,-0.076
265,10.0,55.0,0.029,3.282,0.383,0.636,-0.076
266,10.0,56.0,0.028,3.211,0.36,0.636,-0.076
267,10.0,57.0,0.028,3.186,0.36,0.636,-0.076
268,10.0,58.0,0.027,3.075,0.363,0.636,-0.076
269,10.0,59.0,0.028,3.06,0.378,0.636,-0.076
270,11.0,16.0,0.01,2.367,0.333,0.477,-0.085
271,11.0,17.0,0.01,2.306,0.319,0.477,-0.092
272,11.0,18.0,0.01,2.273,0.32,0.477,-0.092
273,11.0,19.0,0.01,2.198,0.315,0.477,-0.099
274,11.0,20.0,0.011,2.282,0.33,0.477,-0.099
275,11.0,21.0,0.011,2.32,0.333,0.477,-0.099
276,11.0,22.0,0.012,2.408,0.343,0.477,-0.099
277,11.0,23.0,0.013,2.432,0.344,0.477,-0.1
278,11.0,24.0,0.013,2.442,0.355,0.477,-0.1
279,11.0,25.0,0.014,2.495,0.363,0.477,-0.1
280,11.0,26.0,0.015,2.63,0.383,0.477,-0.1
281,11.0,27.0,0.016,2.701,0.37,0.477,-0.084
282,11.0,28.0,0.018,2.904,0.387,0.529,-0.084
283,11.0,29.0,0.017,2.825,0.383,0.529,-0.084
284,11.0,30.0,0.018,2.837,0.377,0.529,-0.084
285,11.0,31.0,0.017,2.783,0.37,0.529,-0.062
286,11.0,32.0,0.017,2.668,0.375,0.529,-0.062
287,11.0,33.0,0.016,2.538,0.373,0.529,-0.062
288,11.0,34.0,0.016,2.534,0.37,0.554,-0.062
289,11.0,35.0,0.017,2.596,0.375,0.554,-0.062
290,11.0,36.0,0.018,2.664,0.37,0.554,-0.062
291,11.0,37.0,0.018,2.712,0.356,0.526,-0.056
292,11.0,38.0,0.019,2.787,0.352,0.526,-0.065
293,11.0,39.0,0.019,2.782,0.352,0.526,-0.065
294,11.0,40.0,0.019,2.781,0.352,0.526,-0.065
295,11.0,41.0,0.021,2.88,0.35,0.562,-0.065
296,11.0,42.0,0.021,2.88,0.341,0.606,-0.076
297,11.0,43.0,0.022,2.888,0.341,0.606,-0.076
298,11.0,44.0,0.023,2.893,0.352,0.606,-0.076
299,11.0,45.0,0.023,2.955,0.365,0.606,-0.076
300,11.0,46.0,0.025,3.07,0.369,0.606,-0.076
301,11.0,47.0,0.023,2.946,0.354,0.606,-0.076
302,11.0,48.0,0.024,2.927,0.366,0.606,-0.076
303,11.0,49.0,0.025,3.048,0.367,0.606,-0.076
304,11.0,50.0,0.026,3.113,0.367,0.606,-0.076
305,11.0,51.0,0.027,3.137,0.383,0.606,-0.076
306,11.0,52.0,0.027,3.082,0.374,0.576,-0.076
307,11.0,53.0,0.026,3.052,0.364,0.576,-0.076
308,11.0,54.0,0.029,3.214,0.375,0.636,-0.076
309,11.0,55.0,0.029,3.21,0.385,0.636,-0.076
310,11.0,56.0,0.029,3.208,0.385,0.636,-0.076
311,11.0,57.0,0.028,3.12,0.373,0.636,-0.076
312,11.0,58.0,0.029,3.137,0.376,0.636,-0.076
313,11.0,59.0,0.029,3.132,0.374,0.636,-0.076
314,11.0,60.0,0.03,3.182,0.371,0.636,-0.076
315,12.0,17.0,0.011,2.29,0.327,0.477,-0.092
316,12.0,18.0,0.01,2.161,0.322,0.477,-0.099
317,12.0,19.0,0.011,2.21,0.337,0.477,-0.099
318,12.0,20.0,0.011,2.286,0.337,0.477,-0.099
319,12.0,21.0,0.012,2.371,0.347,0.477,-0.1
320,12.0,22.0,0.012,2.368,0.353,0.477,-0.1
321,12.0,23.0,0.013,2.448,0.363,0.477,-0.1
322,12.0,24.0,0.014,2.522,0.376,0.477,-0.1
323,12.0,25.0,0.015,2.629,0.383,0.477,-0.084
324,12.0,26.0,0.017,2.812,0.375,0.529,-0.084
325,12.0,27.0,0.019,2.948,0.39,0.529,-0.084
326,12.0,28.0,0.018,2.898,0.384,0.529,-0.084
327,12.0,29.0,0.017,2.778,0.384,0.529,-0.084
328,12.0,30.0,0.017,2.739,0.382,0.529,-0.062
329,12.0,31.0,0.017,2.606,0.372,0.529,-0.062
330,12.0,32.0,0.016,2.513,0.374,0.554,-0.062
331,12.0,33.0,0.017,2.577,0.373,0.554,-0.062
332,12.0,34.0,0.018,2.615,0.385,0.526,-0.062
333,12.0,35.0,0.019,2.759,0.378,0.526,-0.056
334,12.0,36.0,0.02,2.874,0.369,0.526,-0.056
335,12.0,37.0,0.022,2.919,0.37,0.526,-0.056
336,12.0,38.0,0.019,2.762,0.359,0.526,-0.056
337,12.0,39.0,0.02,2.809,0.357,0.562,-0.065
338,12.0,40.0,0.021,2.869,0.346,0.606,-0.076
339,12.0,41.0,0.023,2.917,0.357,0.606,-0.076
340,12.0,42.0,0.022,2.868,0.357,0.606,-0.076
341,12.0,43.0,0.023,2.913,0.349,0.606,-0.076
342,12.0,44.0,0.024,2.979,0.361,0.606,-0.076
343,12.0,45.0,0.025,3.008,0.364,0.606,-0.076
344,12.0,46.0,0.024,3.028,0.363,0.606,-0.076
345,12.0,47.0,0.025,3.056,0.364,0.606,-0.076
346,12.0,48.0,0.027,3.111,0.368,0.576,-0.076
347,12.0,49.0,0.027,3.109,0.386,0.576,-0.076
348,12.0,50.0,0.028,3.138,0.405,0.576,-0.076
349,12.0,51.0,0.028,3.096,0.393,0.576,-0.076
350,12.0,52.0,0.029,3.175,0.398,0.576,-0.076
351,12.0,53.0,0.03,3.176,0.419,0.576,-0.076
352,12.0,54.0,0.031,3.232,0.4,0.636,-0.076
353,12.0,55.0,0.029,3.147,0.37,0.636,-0.076
354,12.0,56.0,0.03,3.167,0.371,0.636,-0.076
355,12.0,57.0,0.03,3.154,0.358,0.636,-0.076
356,12.0,58.0,0.031,3.199,0.363,0.636,-0.076
357,12.0,59.0,0.033,3.195,0.361,0.636,-0.076
358,12.0,60.0,0.033,3.205,0.361,0.635,-0.076
359,12.0,61.0,0.034,3.27,0.368,0.635,-0.076
360,13.0,18.0,0.011,2.205,0.337,0.477,-0.099
361,13.0,19.0,0.011,2.244,0.345,0.477,-0.099
362,13.0,20.0,0.012,2.292,0.348,0.477,-0.1
363,13.0,21.0,0.013,2.398,0.354,0.477,-0.1
364,13.0,22.0,0.013,2.38,0.363,0.477,-0.1
365,13.0,23.0,0.015,2.565,0.381,0.477,-0.084
366,13.0,24.0,0.016,2.727,0.389,0.529,-0.084
367,13.0,25.0,0.017,2.843,0.389,0.529,-0.084
368,13.0,26.0,0.019,2.927,0.392,0.529,-0.084
369,13.0,27.0,0.019,2.891,0.394,0.529,-0.084
370,13.0,28.0,0.017,2.699,0.377,0.529,-0.084
371,13.0,29.0,0.017,2.613,0.37,0.529,-0.084
372,13.0,30.0,0.018,2.63,0.387,0.554,-0.062
373,13.0,31.0,0.018,2.613,0.384,0.554,-0.062
374,13.0,32.0,0.018,2.585,0.379,0.526,-0.062
375,13.0,33.0,0.019,2.739,0.376,0.526,-0.059
376,13.0,34.0,0.021,2.873,0.384,0.526,-0.049
377,13.0,35.0,0.022,2.942,0.376,0.526,-0.049
378,13.0,36.0,0.021,2.821,0.372,0.526,-0.056
379,13.0,37.0,0.021,2.889,0.382,0.562,-0.056
380,13.0,38.0,0.022,2.946,0.363,0.552,-0.056
381,13.0,39.0,0.022,2.866,0.351,0.567,-0.076
382,13.0,40.0,0.022,2.837,0.354,0.567,-0.076
383,13.0,41.0,0.022,2.823,0.341,0.567,-0.076
384,13.0,42.0,0.024,2.918,0.355,0.567,-0.076
385,13.0,43.0,0.024,2.927,0.361,0.567,-0.076
386,13.0,44.0,0.026,3.041,0.376,0.567,-0.076
387,13.0,45.0,0.026,3.016,0.371,0.539,-0.076
388,13.0,46.0,0.026,3.016,0.371,0.539,-0.076
389,13.0,47.0,0.027,3.082,0.383,0.539,-0.076
390,13.0,48.0,0.027,3.061,0.389,0.539,-0.076
391,13.0,49.0,0.028,3.089,0.413,0.539,-0.076
392,13.0,50.0,0.028,3.029,0.417,0.539,-0.076
393,13.0,51.0,0.028,3.076,0.394,0.576,-0.076
394,13.0,52.0,0.029,3.074,0.41,0.576,-0.076
395,13.0,53.0,0.032,3.172,0.39,0.636,-0.076
396,13.0,54.0,0.03,3.082,0.369,0.636,-0.076
397,13.0,55.0,0.031,3.127,0.376,0.636,-0.076
398,13.0,56.0,0.03,3.073,0.366,0.636,-0.076
399,13.0,57.0,0.031,3.104,0.364,0.636,-0.076
400,13.0,58.0,0.032,3.034,0.365,0.636,-0.076
401,13.0,59.0,0.032,3.025,0.365,0.636,-0.076
402,13.0,60.0,0.034,3.103,0.37,0.635,-0.095
403,13.0,61.0,0.033,3.068,0.38,0.635,-0.095
404,13.0,62.0,0.033,3.094,0.383,0.635,-0.095
405,14.0,19.0,0.012,2.401,0.352,0.477,-0.1
406,14.0,20.0,0.013,2.383,0.362,0.477,-0.1
407,14.0,21.0,0.014,2.497,0.384,0.477,-0.1
408,14.0,22.0,0.015,2.665,0.391,0.477,-0.084
409,14.0,23.0,0.016,2.78,0.385,0.529,-0.084
410,14.0,24.0,0.017,2.816,0.373,0.529,-0.084
411,14.0,25.0,0.019,2.911,0.391,0.529,-0.084
412,14.0,26.0,0.018,2.785,0.396,0.529,-0.084
413,14.0,27.0,0.016,2.604,0.367,0.529,-0.084
414,14.0,28.0,0.017,2.638,0.377,0.554,-0.084
415,14.0,29.0,0.017,2.562,0.373,0.554,-0.062
416,14.0,30.0,0.018,2.608,0.381,0.554,-0.062
417,14.0,31.0,0.019,2.663,0.383,0.526,-0.062
418,14.0,32.0,0.02,2.843,0.381,0.526,-0.059
419,14.0,33.0,0.022,2.878,0.391,0.49,-0.059
420,14.0,34.0,0.021,2.863,0.381,0.49,-0.052
421,14.0,35.0,0.022,2.897,0.381,0.525,-0.052
422,14.0,36.0,0.022,2.902,0.377,0.531,-0.056
423,14.0,37.0,0.022,2.898,0.364,0.552,-0.076
424,14.0,38.0,0.023,2.888,0.354,0.567,-0.076
425,14.0,39.0,0.023,2.864,0.355,0.567,-0.076
426,14.0,40.0,0.023,2.837,0.352,0.567,-0.076
427,14.0,41.0,0.024,2.949,0.364,0.567,-0.076
428,14.0,42.0,0.025,2.937,0.361,0.567,-0.076
429,14.0,43.0,0.025,2.944,0.356,0.539,-0.076
430,14.0,44.0,0.026,3.038,0.365,0.539,-0.076
431,14.0,45.0,0.026,3.046,0.368,0.539,-0.076
432,14.0,46.0,0.027,3.05,0.377,0.539,-0.076
433,14.0,47.0,0.028,3.037,0.413,0.539,-0.076
434,14.0,48.0,0.027,2.968,0.407,0.539,-0.076
435,14.0,49.0,0.028,2.98,0.402,0.539,-0.076
436,14.0,50.0,0.029,3.019,0.39,0.539,-0.076
437,14.0,51.0,0.03,2.974,0.404,0.539,-0.076
438,14.0,52.0,0.032,3.063,0.392,0.636,-0.076
439,14.0,53.0,0.03,3.064,0.376,0.636,-0.076
440,14.0,54.0,0.031,3.082,0.384,0.636,-0.076
441,14.0,55.0,0.031,3.041,0.364,0.636,-0.076
442,14.0,56.0,0.032,3.047,0.375,0.636,-0.095
443,14.0,57.0,0.033,3.079,0.376,0.636,-0.095
444,14.0,58.0,0.034,3.121,0.391,0.636,-0.095
445,14.0,59.0,0.034,3.085,0.396,0.635,-0.095
446,14.0,60.0,0.034,3.075,0.396,0.635,-0.095
447,14.0,61.0,0.035,3.082,0.42,0.635,-0.095
448,14.0,62.0,0.035,3.096,0.42,0.635,-0.095
449,14.0,63.0,0.036,3.128,0.409,0.635,-0.095
450,15.0,20.0,0.014,2.566,0.399,0.477,-0.1
451,15.0,21.0,0.015,2.693,0.374,0.529,-0.084
452,15.0,22.0,0.017,2.789,0.386,0.529,-0.084
453,15.0,23.0,0.017,2.83,0.37,0.529,-0.084
454,15.0,24.0,0.018,2.838,0.389,0.529,-0.084
455,15.0,25.0,0.018,2.727,0.388,0.529,-0.084
456,15.0,26.0,0.017,2.635,0.368,0.554,-0.084
457,15.0,27.0,0.017,2.549,0.373,0.554,-0.084
458,15.0,28.0,0.018,2.625,0.376,0.554,-0.062
459,15.0,29.0,0.018,2.69,0.37,0.526,-0.062
460,15.0,30.0,0.02,2.756,0.39,0.49,-0.059
461,15.0,31.0,0.021,2.837,0.377,0.49,-0.059
462,15.0,32.0,0.022,2.887,0.388,0.49,-0.059
463,15.0,33.0,0.022,2.918,0.379,0.525,-0.059
464,15.0,34.0,0.023,2.933,0.388,0.525,-0.059
465,15.0,35.0,0.023,2.907,0.376,0.531,-0.076
466,15.0,36.0,0.023,2.895,0.37,0.552,-0.076
467,15.0,37.0,0.022,2.827,0.346,0.567,-0.076
468,15.0,38.0,0.024,2.934,0.363,0.567,-0.076
469,15.0,39.0,0.025,2.946,0.358,0.567,-0.076
470,15.0,40.0,0.023,2.866,0.35,0.539,-0.076
471,15.0,41.0,0.025,2.901,0.356,0.539,-0.076
472,15.0,42.0,0.026,2.945,0.368,0.539,-0.076
473,15.0,43.0,0.027,3.056,0.368,0.539,-0.076
474,15.0,44.0,0.026,3.065,0.371,0.539,-0.076
475,15.0,45.0,0.026,2.938,0.395,0.539,-0.076
476,15.0,46.0,0.027,2.941,0.407,0.539,-0.076
477,15.0,47.0,0.026,2.827,0.394,0.539,-0.076
478,15.0,48.0,0.028,2.938,0.394,0.539,-0.076
479,15.0,49.0,0.029,2.946,0.402,0.539,-0.076
480,15.0,50.0,0.031,3.011,0.398,0.539,-0.076
481,15.0,51.0,0.032,3.064,0.402,0.636,-0.076
482,15.0,52.0,0.031,3.032,0.398,0.636,-0.076
483,15.0,53.0,0.031,3.025,0.392,0.636,-0.095
484,15.0,54.0,0.031,3.02,0.384,0.636,-0.095
485,15.0,55.0,0.032,3.022,0.404,0.636,-0.095
486,15.0,56.0,0.034,3.093,0.418,0.636,-0.095
487,15.0,57.0,0.036,3.157,0.409,0.636,-0.095
488,15.0,58.0,0.035,3.096,0.404,0.636,-0.095
489,15.0,59.0,0.036,3.101,0.402,0.635,-0.095
490,15.0,60.0,0.035,3.076,0.393,0.635,-0.095
491,15.0,61.0,0.035,3.078,0.402,0.635,-0.095
492,15.0,62.0,0.035,3.051,0.407,0.637,-0.095
493,15.0,63.0,0.036,3.072,0.419,0.637,-0.095
494,15.0,64.0,0.037,3.084,0.429,0.637,-0.095
495,16.0,21.0,0.016,2.739,0.386,0.529,-0.084
496,16.0,22.0,0.017,2.825,0.38,0.529,-0.084
497,16.0,23.0,0.018,2.774,0.382,0.529,-0.084
498,16.0,24.0,0.017,2.674,0.377,0.529,-0.084
499,16.0,25.0,0.017,2.591,0.368,0.554,-0.084
500,16.0,26.0,0.017,2.586,0.371,0.554,-0.084
501,16.0,27.0,0.017,2.588,0.369,0.526,-0.062
502,16.0,28.0,0.019,2.685,0.379,0.49,-0.062
503,16.0,29.0,0.021,2.847,0.391,0.49,-0.059
504,16.0,30.0,0.021,2.844,0.38,0.49,-0.059
505,16.0,31.0,0.023,2.933,0.388,0.49,-0.059
506,16.0,32.0,0.023,2.966,0.385,0.525,-0.059
507,16.0,33.0,0.023,2.964,0.394,0.531,-0.059
508,16.0,34.0,0.023,2.878,0.384,0.531,-0.076
509,16.0,35.0,0.023,2.887,0.376,0.552,-0.076
510,16.0,36.0,0.024,2.95,0.369,0.567,-0.076
511,16.0,37.0,0.025,2.939,0.364,0.567,-0.076
512,16.0,38.0,0.025,2.921,0.364,0.539,-0.076
513,16.0,39.0,0.025,2.923,0.362,0.539,-0.076
514,16.0,40.0,0.025,2.939,0.371,0.539,-0.076
515,16.0,41.0,0.028,3.05,0.394,0.539,-0.076
516,16.0,42.0,0.027,3.035,0.381,0.539,-0.076
517,16.0,43.0,0.026,2.964,0.411,0.539,-0.076
518,16.0,44.0,0.026,2.877,0.414,0.539,-0.076
519,16.0,45.0,0.027,2.89,0.402,0.539,-0.076
520,16.0,46.0,0.028,2.885,0.404,0.539,-0.076
521,16.0,47.0,0.028,2.894,0.408,0.539,-0.076
522,16.0,48.0,0.03,2.988,0.396,0.539,-0.076
523,16.0,49.0,0.03,2.912,0.408,0.433,-0.076
524,16.0,50.0,0.031,2.951,0.406,0.636,-0.095
525,16.0,51.0,0.031,2.961,0.402,0.636,-0.095
526,16.0,52.0,0.031,2.998,0.392,0.636,-0.095
527,16.0,53.0,0.032,3.036,0.415,0.636,-0.095
528,16.0,54.0,0.034,3.088,0.424,0.636,-0.095
529,16.0,55.0,0.035,3.122,0.42,0.636,-0.095
530,16.0,56.0,0.037,3.154,0.419,0.636,-0.095
531,16.0,57.0,0.036,3.08,0.412,0.636,-0.095
532,16.0,58.0,0.035,3.06,0.398,0.636,-0.095
533,16.0,59.0,0.036,3.087,0.43,0.635,-0.095
534,16.0,60.0,0.037,3.1,0.429,0.635,-0.095
535,16.0,61.0,0.037,3.085,0.429,0.637,-0.095
536,16.0,62.0,0.038,3.137,0.439,0.637,-0.095
537,16.0,63.0,0.038,3.108,0.427,0.637,-0.095
538,16.0,64.0,0.037,3.061,0.422,0.637,-0.095
539,16.0,65.0,0.037,2.958,0.432,0.637,-0.095
540,17.0,22.0,0.018,2.755,0.387,0.529,-0.084
541,17.0,23.0,0.017,2.659,0.373,0.529,-0.084
542,17.0,24.0,0.017,2.58,0.367,0.554,-0.084
543,17.0,25.0,0.017,2.576,0.369,0.554,-0.084
544,17.0,26.0,0.018,2.587,0.378,0.49,-0.062
545,17.0,27.0,0.02,2.728,0.374,0.49,-0.062
546,17.0,28.0,0.022,2.85,0.397,0.49,-0.059
547,17.0,29.0,0.022,2.848,0.394,0.49,-0.059
548,17.0,30.0,0.022,2.916,0.392,0.525,-0.059
549,17.0,31.0,0.023,2.951,0.395,0.531,-0.059
550,17.0,32.0,0.024,2.95,0.392,0.531,-0.059
551,17.0,33.0,0.025,2.927,0.395,0.531,-0.076
552,17.0,34.0,0.024,2.945,0.379,0.552,-0.076
553,17.0,35.0,0.025,2.974,0.361,0.567,-0.076
554,17.0,36.0,0.025,2.907,0.368,0.539,-0.076
555,17.0,37.0,0.026,2.958,0.374,0.539,-0.076
556,17.0,38.0,0.026,3.001,0.374,0.539,-0.076
557,17.0,39.0,0.027,2.981,0.393,0.539,-0.076
558,17.0,40.0,0.027,2.993,0.413,0.539,-0.076
559,17.0,41.0,0.027,2.937,0.418,0.539,-0.076
560,17.0,42.0,0.027,2.917,0.417,0.539,-0.076
561,17.0,43.0,0.027,2.901,0.406,0.539,-0.076
562,17.0,44.0,0.028,2.879,0.404,0.539,-0.076
563,17.0,45.0,0.028,2.886,0.402,0.539,-0.076
564,17.0,46.0,0.029,2.825,0.394,0.433,-0.076
565,17.0,47.0,0.029,2.871,0.394,0.433,-0.076
566,17.0,48.0,0.03,2.888,0.406,0.433,-0.095
567,17.0,49.0,0.031,2.965,0.396,0.636,-0.095
568,17.0,50.0,0.032,2.984,0.402,0.636,-0.095
569,17.0,51.0,0.033,3.046,0.398,0.636,-0.095
570,17.0,52.0,0.033,3.046,0.409,0.636,-0.095
571,17.0,53.0,0.034,3.067,0.407,0.636,-0.095
572,17.0,54.0,0.037,3.144,0.419,0.636,-0.095
573,17.0,55.0,0.036,3.079,0.407,0.636,-0.095
574,17.0,56.0,0.036,3.068,0.435,0.636,-0.095
575,17.0,57.0,0.034,3.031,0.42,0.636,-0.095
576,17.0,58.0,0.037,3.051,0.446,0.636,-0.095
577,17.0,59.0,0.038,3.081,0.439,0.637,-0.095
578,17.0,60.0,0.037,3.101,0.434,0.637,-0.095
579,17.0,61.0,0.039,3.083,0.438,0.637,-0.095
580,17.0,62.0,0.038,3.044,0.438,0.637,-0.095
581,17.0,63.0,0.037,2.972,0.42,0.637,-0.095
582,17.0,64.0,0.036,2.931,0.439,0.637,-0.095
583,17.0,65.0,0.034,2.833,0.417,0.637,-0.095
584,17.0,66.0,0.034,2.895,0.405,0.637,-0.095
585,18.0,23.0,0.018,2.623,0.374,0.554,-0.084
586,18.0,24.0,0.017,2.546,0.374,0.517,-0.084
587,18.0,25.0,0.018,2.607,0.376,0.49,-0.062
588,18.0,26.0,0.02,2.804,0.37,0.49,-0.059
589,18.0,27.0,0.021,2.808,0.394,0.49,-0.059
590,18.0,28.0,0.021,2.852,0.383,0.49,-0.059
591,18.0,29.0,0.023,2.934,0.406,0.525,-0.059
592,18.0,30.0,0.023,2.934,0.397,0.531,-0.059
593,18.0,31.0,0.023,2.88,0.384,0.531,-0.076
594,18.0,32.0,0.024,2.9,0.388,0.531,-0.076
595,18.0,33.0,0.024,2.95,0.358,0.552,-0.076
596,18.0,34.0,0.025,2.944,0.373,0.539,-0.076
597,18.0,35.0,0.025,2.882,0.371,0.539,-0.076
598,18.0,36.0,0.027,2.989,0.387,0.539,-0.076
599,18.0,37.0,0.027,2.969,0.384,0.539,-0.076
600,18.0,38.0,0.027,2.975,0.391,0.539,-0.076
601,18.0,39.0,0.026,2.909,0.409,0.539,-0.076
602,18.0,40.0,0.027,2.914,0.422,0.539,-0.076
603,18.0,41.0,0.029,2.971,0.423,0.539,-0.076
604,18.0,42.0,0.027,2.847,0.4,0.539,-0.076
605,18.0,43.0,0.027,2.851,0.404,0.539,-0.076
606,18.0,44.0,0.028,2.801,0.386,0.433,-0.076
607,18.0,45.0,0.03,2.913,0.398,0.433,-0.076
608,18.0,46.0,0.029,2.866,0.394,0.433,-0.095
609,18.0,47.0,0.03,2.897,0.411,0.433,-0.095
610,18.0,48.0,0.033,2.992,0.413,0.636,-0.095
611,18.0,49.0,0.034,3.03,0.411,0.636,-0.095
612,18.0,50.0,0.033,3.055,0.413,0.636,-0.095
613,18.0,51.0,0.034,3.109,0.418,0.636,-0.095
614,18.0,52.0,0.036,3.169,0.437,0.636,-0.095
615,18.0,53.0,0.038,3.157,0.429,0.636,-0.095
616,18.0,54.0,0.037,3.084,0.446,0.636,-0.095
617,18.0,55.0,0.037,3.077,0.446,0.636,-0.095
618,18.0,56.0,0.036,3.048,0.435,0.636,-0.095
619,18.0,57.0,0.038,3.061,0.444,0.636,-0.095
620,18.0,58.0,0.038,3.043,0.45,0.639,-0.095
621,18.0,59.0,0.039,3.033,0.449,0.637,-0.095
622,18.0,60.0,0.038,2.994,0.449,0.637,-0.095
623,18.0,61.0,0.038,2.966,0.443,0.637,-0.095
624,18.0,62.0,0.037,2.939,0.438,0.637,-0.095
625,18.0,63.0,0.036,2.887,0.432,0.637,-0.095
626,18.0,64.0,0.035,2.869,0.42,0.637,-0.095
627,18.0,65.0,0.034,2.887,0.405,0.637,-0.095
628,18.0,66.0,0.036,2.877,0.4,0.637,-0.095
629,18.0,67.0,0.035,2.834,0.395,0.61,-0.095
630,19.0,24.0,0.019,2.715,0.371,0.49,-0.062
631,19.0,25.0,0.021,2.827,0.372,0.49,-0.059
632,19.0,26.0,0.021,2.793,0.397,0.49,-0.059
633,19.0,27.0,0.022,2.858,0.389,0.525,-0.059
634,19.0,28.0,0.023,2.925,0.414,0.525,-0.059
635,19.0,29.0,0.024,2.978,0.4,0.531,-0.059
636,19.0,30.0,0.024,2.938,0.388,0.531,-0.076
637,19.0,31.0,0.025,2.915,0.381,0.531,-0.076
638,19.0,32.0,0.024,2.934,0.358,0.552,-0.076
639,19.0,33.0,0.025,2.957,0.379,0.539,-0.076
640,19.0,34.0,0.027,2.996,0.384,0.539,-0.076
641,19.0,35.0,0.027,2.968,0.391,0.539,-0.076
642,19.0,36.0,0.026,2.937,0.387,0.539,-0.076
643,19.0,37.0,0.027,2.943,0.382,0.539,-0.076
644,19.0,38.0,0.027,2.901,0.422,0.539,-0.076
645,19.0,39.0,0.029,2.974,0.423,0.539,-0.076
646,19.0,40.0,0.029,2.947,0.417,0.539,-0.076
647,19.0,41.0,0.028,2.849,0.408,0.539,-0.076
648,19.0,42.0,0.027,2.756,0.402,0.433,-0.076
649,19.0,43.0,0.028,2.863,0.382,0.433,-0.076
650,19.0,44.0,0.03,2.919,0.406,0.433,-0.095
651,19.0,45.0,0.031,2.911,0.411,0.433,-0.095
652,19.0,46.0,0.032,2.917,0.435,0.433,-0.095
653,19.0,47.0,0.034,3.027,0.427,0.636,-0.095
654,19.0,48.0,0.034,3.053,0.418,0.636,-0.095
655,19.0,49.0,0.034,3.116,0.413,0.636,-0.095
656,19.0,50.0,0.036,3.133,0.432,0.636,-0.095
657,19.0,51.0,0.035,3.117,0.432,0.636,-0.095
658,19.0,52.0,0.036,3.122,0.425,0.636,-0.095
659,19.0,53.0,0.036,3.044,0.424,0.636,-0.095
660,19.0,54.0,0.036,3.053,0.44,0.636,-0.095
661,19.0,55.0,0.035,2.986,0.424,0.636,-0.095
662,19.0,56.0,0.038,3.007,0.45,0.639,-0.095
663,19.0,57.0,0.038,2.997,0.449,0.639,-0.095
664,19.0,58.0,0.038,2.963,0.449,0.639,-0.095
665,19.0,59.0,0.038,2.953,0.449,0.637,-0.095
666,19.0,60.0,0.037,2.918,0.443,0.637,-0.095
667,19.0,61.0,0.037,2.942,0.438,0.637,-0.095
668,19.0,62.0,0.036,2.892,0.412,0.637,-0.095
669,19.0,63.0,0.037,2.896,0.418,0.637,-0.095
670,19.0,64.0,0.037,2.879,0.423,0.637,-0.095
671,19.0,65.0,0.037,2.897,0.397,0.61,-0.095
672,19.0,66.0,0.038,2.939,0.416,0.61,-0.095
673,19.0,67.0,0.038,2.898,0.408,0.61,-0.095
674,19.0,68.0,0.038,2.858,0.413,0.61,-0.095
675,20.0,25.0,0.021,2.816,0.394,0.49,-0.059
676,20.0,26.0,0.022,2.88,0.4,0.525,-0.059
677,20.0,27.0,0.023,2.92,0.406,0.531,-0.059
678,20.0,28.0,0.024,2.969,0.395,0.531,-0.059
679,20.0,29.0,0.024,2.934,0.392,0.531,-0.076
680,20.0,30.0,0.025,2.895,0.376,0.531,-0.076
681,20.0,31.0,0.025,2.959,0.364,0.552,-0.076
682,20.0,32.0,0.025,2.956,0.379,0.539,-0.076
683,20.0,33.0,0.027,2.997,0.387,0.539,-0.076
684,20.0,34.0,0.027,2.964,0.398,0.539,-0.076
685,20.0,35.0,0.026,2.905,0.387,0.539,-0.076
686,20.0,36.0,0.026,2.885,0.404,0.539,-0.076
687,20.0,37.0,0.027,2.917,0.404,0.539,-0.076
688,20.0,38.0,0.028,2.954,0.421,0.539,-0.076
689,20.0,39.0,0.029,2.973,0.437,0.539,-0.076
690,20.0,40.0,0.027,2.762,0.422,0.433,-0.076
691,20.0,41.0,0.029,2.869,0.4,0.433,-0.076
692,20.0,42.0,0.029,2.886,0.406,0.433,-0.095
693,20.0,43.0,0.032,3.01,0.441,0.433,-0.095
694,20.0,44.0,0.031,2.916,0.426,0.433,-0.095
695,20.0,45.0,0.033,2.976,0.449,0.433,-0.095
696,20.0,46.0,0.036,3.084,0.442,0.636,-0.095
697,20.0,47.0,0.035,3.103,0.432,0.636,-0.095
698,20.0,48.0,0.035,3.098,0.427,0.636,-0.095
699,20.0,49.0,0.037,3.161,0.447,0.636,-0.095
700,20.0,50.0,0.037,3.146,0.447,0.636,-0.095
701,20.0,51.0,0.037,3.044,0.446,0.636,-0.095
702,20.0,52.0,0.039,3.101,0.463,0.636,-0.095
703,20.0,53.0,0.036,2.984,0.451,0.636,-0.095
704,20.0,54.0,0.037,3.002,0.444,0.636,-0.095
705,20.0,55.0,0.039,3.029,0.449,0.639,-0.095
706,20.0,56.0,0.039,2.991,0.474,0.639,-0.095
707,20.0,57.0,0.039,2.972,0.461,0.639,-0.095
708,20.0,58.0,0.039,2.952,0.461,0.639,-0.095
709,20.0,59.0,0.039,2.947,0.461,0.637,-0.095
710,20.0,60.0,0.038,2.905,0.434,0.637,-0.095
711,20.0,61.0,0.036,2.874,0.418,0.637,-0.095
712,20.0,62.0,0.038,2.903,0.429,0.637,-0.095
713,20.0,63.0,0.037,2.912,0.423,0.637,-0.095
714,20.0,64.0,0.038,2.911,0.39,0.61,-0.095
715,20.0,65.0,0.038,2.877,0.408,0.61,-0.095
716,20.0,66.0,0.039,2.914,0.432,0.61,-0.095
717,20.0,67.0,0.04,2.9,0.438,0.61,-0.095
718,20.0,68.0,0.038,2.856,0.427,0.61,-0.095
719,20.0,69.0,0.037,2.844,0.403,0.61,-0.095
720,21.0,26.0,0.023,2.941,0.406,0.531,-0.059
721,21.0,27.0,0.025,3.023,0.405,0.531,-0.059
722,21.0,28.0,0.024,2.912,0.383,0.531,-0.076
723,21.0,29.0,0.026,2.974,0.383,0.531,-0.076
724,21.0,30.0,0.025,2.984,0.364,0.552,-0.076
725,21.0,31.0,0.026,2.962,0.383,0.539,-0.076
726,21.0,32.0,0.027,2.969,0.391,0.539,-0.076
727,21.0,33.0,0.028,2.965,0.402,0.539,-0.076
728,21.0,34.0,0.026,2.854,0.378,0.539,-0.076
729,21.0,35.0,0.027,2.902,0.421,0.539,-0.076
730,21.0,36.0,0.027,2.921,0.43,0.539,-0.076
731,21.0,37.0,0.03,3.014,0.451,0.539,-0.076
732,21.0,38.0,0.028,2.851,0.446,0.433,-0.076
733,21.0,39.0,0.028,2.868,0.426,0.433,-0.076
734,21.0,40.0,0.029,2.894,0.41,0.433,-0.095
735,21.0,41.0,0.031,2.932,0.438,0.433,-0.095
736,21.0,42.0,0.032,2.977,0.446,0.433,-0.095
737,21.0,43.0,0.033,2.962,0.44,0.433,-0.095
738,21.0,44.0,0.035,3.012,0.453,0.433,-0.095
739,21.0,45.0,0.037,3.104,0.447,0.636,-0.095
740,21.0,46.0,0.037,3.14,0.453,0.636,-0.095
741,21.0,47.0,0.037,3.172,0.447,0.636,-0.095
742,21.0,48.0,0.038,3.152,0.458,0.636,-0.095
743,21.0,49.0,0.038,3.165,0.446,0.636,-0.095
744,21.0,50.0,0.038,3.058,0.463,0.636,-0.095
745,21.0,51.0,0.038,3.009,0.463,0.636,-0.095
746,21.0,52.0,0.038,2.988,0.456,0.636,-0.095
747,21.0,53.0,0.038,3.033,0.45,0.639,-0.095
748,21.0,54.0,0.041,3.051,0.48,0.639,-0.095
749,21.0,55.0,0.04,2.989,0.473,0.639,-0.095
750,21.0,56.0,0.04,2.983,0.473,0.639,-0.095
751,21.0,57.0,0.04,2.969,0.486,0.639,-0.095
752,21.0,58.0,0.04,2.929,0.459,0.639,-0.095
753,21.0,59.0,0.04,2.949,0.446,0.637,-0.095
754,21.0,60.0,0.038,2.896,0.434,0.637,-0.095
755,21.0,61.0,0.04,2.962,0.446,0.637,-0.095
756,21.0,62.0,0.039,2.918,0.419,0.61,-0.095
757,21.0,63.0,0.04,2.925,0.425,0.61,-0.095
758,21.0,64.0,0.041,2.951,0.444,0.61,-0.095
759,21.0,65.0,0.041,2.955,0.444,0.61,-0.095
760,21.0,66.0,0.04,2.903,0.444,0.61,-0.095
761,21.0,67.0,0.04,2.889,0.425,0.61,-0.095
762,21.0,68.0,0.039,2.913,0.432,0.61,-0.095
763,21.0,69.0,0.039,2.865,0.419,0.61,-0.095
764,21.0,70.0,0.038,2.836,0.405,0.61,-0.095
765,22.0,27.0,0.025,2.916,0.387,0.531,-0.076
766,22.0,28.0,0.026,2.99,0.383,0.531,-0.076
767,22.0,29.0,0.026,2.977,0.371,0.552,-0.076
768,22.0,30.0,0.026,2.975,0.395,0.539,-0.076
769,22.0,31.0,0.027,2.961,0.378,0.539,-0.076
770,22.0,32.0,0.028,2.964,0.404,0.539,-0.076
771,22.0,33.0,0.027,2.86,0.411,0.539,-0.076
772,22.0,34.0,0.028,2.868,0.423,0.539,-0.076
773,22.0,35.0,0.028,2.971,0.443,0.539,-0.076
774,22.0,36.0,0.029,2.909,0.45,0.433,-0.076
775,22.0,37.0,0.029,2.909,0.446,0.433,-0.076
776,22.0,38.0,0.029,2.891,0.426,0.433,-0.095
777,22.0,39.0,0.03,2.893,0.433,0.433,-0.095
778,22.0,40.0,0.031,2.935,0.432,0.433,-0.095
779,22.0,41.0,0.033,3.009,0.456,0.433,-0.095
780,22.0,42.0,0.035,3.01,0.46,0.433,-0.095
781,22.0,43.0,0.035,3.009,0.453,0.433,-0.095
782,22.0,44.0,0.036,3.079,0.447,0.636,-0.095
783,22.0,45.0,0.037,3.135,0.459,0.636,-0.095
784,22.0,46.0,0.038,3.153,0.452,0.636,-0.095
785,22.0,47.0,0.038,3.091,0.463,0.636,-0.095
786,22.0,48.0,0.039,3.144,0.457,0.636,-0.095
787,22.0,49.0,0.038,3.035,0.463,0.636,-0.095
788,22.0,50.0,0.038,2.971,0.468,0.636,-0.095
789,22.0,51.0,0.039,3.022,0.468,0.636,-0.095
790,22.0,52.0,0.039,3.026,0.468,0.638,-0.095
791,22.0,53.0,0.04,3.016,0.474,0.639,-0.095
792,22.0,54.0,0.04,2.97,0.473,0.639,-0.095
793,22.0,55.0,0.04,2.956,0.486,0.639,-0.095
794,22.0,56.0,0.04,2.933,0.486,0.639,-0.095
795,22.0,57.0,0.04,2.944,0.452,0.639,-0.095
796,22.0,58.0,0.04,2.953,0.446,0.639,-0.095
797,22.0,59.0,0.041,2.957,0.458,0.637,-0.095
798,22.0,60.0,0.04,2.885,0.438,0.637,-0.095
799,22.0,61.0,0.039,2.873,0.419,0.61,-0.095
800,22.0,62.0,0.04,2.946,0.425,0.61,-0.095
801,22.0,63.0,0.041,2.968,0.431,0.61,-0.095
802,22.0,64.0,0.042,2.929,0.443,0.61,-0.095
803,22.0,65.0,0.042,2.926,0.443,0.61,-0.095
804,22.0,66.0,0.041,2.926,0.451,0.61,-0.095
805,22.0,67.0,0.04,2.867,0.444,0.61,-0.095
806,22.0,68.0,0.04,2.847,0.431,0.61,-0.095
807,22.0,69.0,0.039,2.786,0.423,0.61,-0.095
808,22.0,70.0,0.038,2.684,0.423,0.595,-0.095
809,22.0,71.0,0.037,2.659,0.417,0.595,-0.095
810,23.0,28.0,0.026,2.974,0.374,0.552,-0.076
811,23.0,29.0,0.026,2.967,0.381,0.539,-0.076
812,23.0,30.0,0.027,2.988,0.385,0.539,-0.076
813,23.0,31.0,0.028,2.945,0.404,0.539,-0.076
814,23.0,32.0,0.028,2.868,0.423,0.539,-0.076
815,23.0,33.0,0.028,2.876,0.423,0.539,-0.076
816,23.0,34.0,0.028,2.965,0.438,0.539,-0.076
817,23.0,35.0,0.028,2.89,0.441,0.433,-0.076
818,23.0,36.0,0.029,2.916,0.44,0.433,-0.076
819,23.0,37.0,0.03,2.942,0.424,0.433,-0.095
820,23.0,38.0,0.03,2.943,0.423,0.433,-0.095
821,23.0,39.0,0.031,2.928,0.441,0.433,-0.095
822,23.0,40.0,0.033,2.997,0.444,0.433,-0.095
823,23.0,41.0,0.035,3.01,0.46,0.433,-0.095
824,23.0,42.0,0.035,2.988,0.453,0.433,-0.095
825,23.0,43.0,0.037,3.109,0.459,0.641,-0.095
826,23.0,44.0,0.037,3.079,0.452,0.636,-0.095
827,23.0,45.0,0.037,3.087,0.458,0.636,-0.095
828,23.0,46.0,0.038,3.108,0.463,0.636,-0.095
829,23.0,47.0,0.037,3.03,0.457,0.636,-0.095
830,23.0,48.0,0.038,3.01,0.481,0.636,-0.095
831,23.0,49.0,0.039,2.972,0.468,0.636,-0.095
832,23.0,50.0,0.039,2.979,0.474,0.636,-0.095
833,23.0,51.0,0.04,3.009,0.474,0.638,-0.095
834,23.0,52.0,0.039,2.958,0.461,0.638,-0.095
835,23.0,53.0,0.039,2.92,0.473,0.639,-0.095
836,23.0,54.0,0.039,2.902,0.473,0.639,-0.095
837,23.0,55.0,0.041,2.966,0.466,0.639,-0.095
838,23.0,56.0,0.041,2.979,0.458,0.639,-0.095
839,23.0,57.0,0.041,2.933,0.431,0.639,-0.095
840,23.0,58.0,0.04,2.87,0.437,0.637,-0.095
841,23.0,59.0,0.039,2.832,0.431,0.61,-0.095
842,23.0,60.0,0.041,2.899,0.437,0.61,-0.095
843,23.0,61.0,0.041,2.917,0.423,0.61,-0.095
844,23.0,62.0,0.041,2.946,0.417,0.61,-0.095
845,23.0,63.0,0.042,2.92,0.449,0.61,-0.095
846,23.0,64.0,0.042,2.914,0.457,0.61,-0.095
847,23.0,65.0,0.041,2.875,0.457,0.61,-0.095
848,23.0,66.0,0.041,2.866,0.443,0.61,-0.095
849,23.0,67.0,0.039,2.814,0.417,0.61,-0.095
850,23.0,68.0,0.039,2.76,0.429,0.61,-0.095
851,23.0,69.0,0.038,2.694,0.429,0.595,-0.095
852,23.0,70.0,0.039,2.704,0.429,0.595,-0.095
853,23.0,71.0,0.037,2.689,0.417,0.571,-0.095
854,23.0,72.0,0.04,2.823,0.414,0.748,-0.095
855,24.0,29.0,0.027,2.98,0.382,0.539,-0.076
856,24.0,30.0,0.028,2.918,0.41,0.539,-0.076
857,24.0,31.0,0.028,2.887,0.437,0.539,-0.076
858,24.0,32.0,0.028,2.898,0.441,0.539,-0.076
859,24.0,33.0,0.026,2.811,0.421,0.433,-0.076
860,24.0,34.0,0.029,2.924,0.45,0.433,-0.076
861,24.0,35.0,0.031,2.982,0.454,0.433,-0.095
862,24.0,36.0,0.031,2.977,0.443,0.433,-0.095
863,24.0,37.0,0.031,2.933,0.427,0.433,-0.095
864,24.0,38.0,0.033,2.977,0.461,0.433,-0.095
865,24.0,39.0,0.034,2.979,0.455,0.433,-0.095
866,24.0,40.0,0.035,3.002,0.459,0.433,-0.095
867,24.0,41.0,0.036,2.999,0.476,0.433,-0.095
868,24.0,42.0,0.036,3.077,0.447,0.641,-0.095
869,24.0,43.0,0.037,3.081,0.458,0.641,-0.095
870,24.0,44.0,0.038,3.098,0.463,0.641,-0.095
871,24.0,45.0,0.038,3.049,0.475,0.636,-0.095
872,24.0,46.0,0.038,3.006,0.463,0.636,-0.095
873,24.0,47.0,0.037,2.96,0.469,0.636,-0.095
874,24.0,48.0,0.038,2.956,0.468,0.636,-0.095
875,24.0,49.0,0.039,2.946,0.474,0.638,-0.095
876,24.0,50.0,0.039,2.936,0.447,0.638,-0.095
877,24.0,51.0,0.038,2.893,0.447,0.638,-0.095
878,24.0,52.0,0.04,2.91,0.466,0.638,-0.095
879,24.0,53.0,0.04,2.921,0.466,0.639,-0.095
880,24.0,54.0,0.042,2.998,0.458,0.639,-0.095
881,24.0,55.0,0.041,2.934,0.444,0.639,-0.095
882,24.0,56.0,0.041,2.908,0.437,0.639,-0.095
883,24.0,57.0,0.04,2.868,0.437,0.639,-0.095
884,24.0,58.0,0.041,2.867,0.429,0.61,-0.095
885,24.0,59.0,0.04,2.84,0.423,0.61,-0.095
886,24.0,60.0,0.041,2.92,0.423,0.61,-0.095
887,24.0,61.0,0.04,2.879,0.417,0.61,-0.095
888,24.0,62.0,0.042,2.919,0.464,0.61,-0.095
889,24.0,63.0,0.041,2.864,0.457,0.61,-0.095
890,24.0,64.0,0.041,2.857,0.457,0.61,-0.095
891,24.0,65.0,0.041,2.829,0.435,0.61,-0.095
892,24.0,66.0,0.04,2.782,0.429,0.61,-0.095
893,24.0,67.0,0.039,2.725,0.429,0.61,-0.095
894,24.0,68.0,0.039,2.707,0.429,0.595,-0.095
895,24.0,69.0,0.039,2.719,0.429,0.595,-0.095
896,24.0,70.0,0.038,2.67,0.429,0.571,-0.095
897,24.0,71.0,0.04,2.77,0.42,0.748,-0.105
898,24.0,72.0,0.04,2.74,0.426,0.748,-0.105
899,24.0,73.0,0.038,2.612,0.42,0.738,-0.105
900,25.0,30.0,0.029,2.929,0.441,0.539,-0.076
901,25.0,31.0,0.029,2.898,0.455,0.539,-0.076
902,25.0,32.0,0.026,2.834,0.421,0.433,-0.076
903,25.0,33.0,0.029,2.933,0.45,0.433,-0.076
904,25.0,34.0,0.03,2.976,0.449,0.433,-0.095
905,25.0,35.0,0.031,2.961,0.432,0.433,-0.095
906,25.0,36.0,0.031,2.932,0.436,0.433,-0.095
907,25.0,37.0,0.033,2.967,0.461,0.433,-0.095
908,25.0,38.0,0.034,2.971,0.455,0.433,-0.095
909,25.0,39.0,0.036,2.985,0.464,0.433,-0.095
910,25.0,40.0,0.036,2.947,0.482,0.433,-0.095
911,25.0,41.0,0.036,3.056,0.447,0.639,-0.095
912,25.0,42.0,0.038,3.084,0.463,0.639,-0.095
913,25.0,43.0,0.038,3.063,0.469,0.641,-0.095
914,25.0,44.0,0.038,3.032,0.468,0.641,-0.095
915,25.0,45.0,0.037,2.988,0.475,0.636,-0.095
916,25.0,46.0,0.038,2.969,0.481,0.636,-0.095
917,25.0,47.0,0.038,2.956,0.468,0.636,-0.095
918,25.0,48.0,0.039,2.957,0.461,0.638,-0.095
919,25.0,49.0,0.038,2.912,0.447,0.638,-0.095
920,25.0,50.0,0.038,2.886,0.44,0.638,-0.095
921,25.0,51.0,0.04,2.934,0.452,0.638,-0.095
922,25.0,52.0,0.042,2.986,0.451,0.638,-0.095
923,25.0,53.0,0.042,3.018,0.458,0.639,-0.095
924,25.0,54.0,0.042,2.957,0.437,0.639,-0.095
925,25.0,55.0,0.042,2.935,0.443,0.639,-0.095
926,25.0,56.0,0.044,2.931,0.448,0.639,-0.095
927,25.0,57.0,0.042,2.873,0.435,0.612,-0.095
928,25.0,58.0,0.04,2.834,0.429,0.61,-0.095
929,25.0,59.0,0.041,2.881,0.443,0.61,-0.095
930,25.0,60.0,0.041,2.921,0.437,0.61,-0.095
931,25.0,61.0,0.043,2.907,0.471,0.61,-0.095
932,25.0,62.0,0.042,2.882,0.464,0.61,-0.095
933,25.0,63.0,0.041,2.841,0.457,0.61,-0.095
934,25.0,64.0,0.041,2.821,0.435,0.61,-0.095
935,25.0,65.0,0.041,2.799,0.435,0.61,-0.095
936,25.0,66.0,0.039,2.734,0.429,0.61,-0.095
937,25.0,67.0,0.039,2.74,0.429,0.61,-0.095
938,25.0,68.0,0.038,2.663,0.429,0.571,-0.105
939,25.0,69.0,0.039,2.668,0.435,0.571,-0.105
940,25.0,70.0,0.039,2.623,0.441,0.571,-0.105
941,25.0,71.0,0.04,2.668,0.439,0.738,-0.105
942,25.0,72.0,0.041,2.694,0.439,0.738,-0.106
943,25.0,73.0,0.04,2.605,0.446,0.633,-0.106
944,25.0,74.0,0.04,2.555,0.438,0.633,-0.106
945,26.0,31.0,0.027,2.846,0.425,0.433,-0.076
946,26.0,32.0,0.03,2.956,0.459,0.433,-0.076
947,26.0,33.0,0.031,2.991,0.449,0.433,-0.095
948,26.0,34.0,0.031,2.95,0.427,0.433,-0.095
949,26.0,35.0,0.032,2.966,0.446,0.433,-0.095
950,26.0,36.0,0.034,2.983,0.455,0.433,-0.095
951,26.0,37.0,0.034,2.955,0.455,0.433,-0.095
952,26.0,38.0,0.036,3.008,0.482,0.433,-0.095
953,26.0,39.0,0.036,2.949,0.482,0.433,-0.095
954,26.0,40.0,0.037,3.071,0.458,0.639,-0.095
955,26.0,41.0,0.038,3.077,0.463,0.639,-0.095
956,26.0,42.0,0.037,3.001,0.469,0.633,-0.095
957,26.0,43.0,0.038,3.021,0.468,0.641,-0.095
958,26.0,44.0,0.036,2.956,0.444,0.641,-0.095
959,26.0,45.0,0.038,2.949,0.462,0.636,-0.095
960,26.0,46.0,0.039,2.965,0.468,0.636,-0.095
961,26.0,47.0,0.04,2.967,0.467,0.638,-0.095
962,26.0,48.0,0.04,2.938,0.446,0.638,-0.095
963,26.0,49.0,0.04,2.931,0.446,0.638,-0.095
964,26.0,50.0,0.042,2.988,0.465,0.638,-0.095
965,26.0,51.0,0.043,3.05,0.451,0.638,-0.095
966,26.0,52.0,0.042,2.964,0.437,0.638,-0.095
967,26.0,53.0,0.042,2.957,0.443,0.639,-0.095
968,26.0,54.0,0.043,2.968,0.435,0.639,-0.095
969,26.0,55.0,0.043,2.898,0.448,0.612,-0.095
970,26.0,56.0,0.042,2.874,0.441,0.612,-0.095
971,26.0,57.0,0.041,2.848,0.429,0.61,-0.095
972,26.0,58.0,0.041,2.899,0.437,0.61,-0.095
973,26.0,59.0,0.041,2.9,0.437,0.61,-0.095
974,26.0,60.0,0.042,2.842,0.478,0.61,-0.095
975,26.0,61.0,0.042,2.864,0.471,0.61,-0.095
976,26.0,62.0,0.041,2.863,0.435,0.61,-0.095
977,26.0,63.0,0.043,2.852,0.448,0.61,-0.095
978,26.0,64.0,0.041,2.789,0.441,0.61,-0.095
979,26.0,65.0,0.039,2.722,0.435,0.61,-0.105
980,26.0,66.0,0.039,2.713,0.435,0.61,-0.105
981,26.0,67.0,0.037,2.659,0.423,0.571,-0.105
982,26.0,68.0,0.039,2.635,0.441,0.571,-0.105
983,26.0,69.0,0.039,2.616,0.448,0.571,-0.106
984,26.0,70.0,0.041,2.663,0.446,0.738,-0.106
985,26.0,71.0,0.039,2.566,0.446,0.633,-0.106
986,26.0,72.0,0.04,2.58,0.453,0.633,-0.106
987,26.0,73.0,0.041,2.599,0.444,0.633,-0.106
988,26.0,74.0,0.04,2.552,0.438,0.633,-0.106
989,26.0,75.0,0.039,2.519,0.431,0.633,-0.106
990,27.0,32.0,0.031,3.016,0.443,0.433,-0.095
991,27.0,33.0,0.031,2.936,0.427,0.433,-0.095
992,27.0,34.0,0.032,2.944,0.446,0.433,-0.095
993,27.0,35.0,0.034,2.985,0.455,0.433,-0.095
994,27.0,36.0,0.033,2.944,0.455,0.433,-0.095
995,27.0,37.0,0.035,2.928,0.482,0.433,-0.095
996,27.0,38.0,0.035,2.954,0.464,0.433,-0.095
997,27.0,39.0,0.036,3.018,0.47,0.433,-0.095
998,27.0,40.0,0.038,3.047,0.469,0.633,-0.095
999,27.0,41.0,0.038,3.022,0.481,0.633,-0.095
1000,27.0,42.0,0.038,2.942,0.449,0.633,-0.095
1001,27.0,43.0,0.036,2.92,0.45,0.633,-0.095
1002,27.0,44.0,0.039,2.997,0.468,0.641,-0.095
1003,27.0,45.0,0.039,2.982,0.474,0.641,-0.095
1004,27.0,46.0,0.04,2.94,0.452,0.638,-0.095
1005,27.0,47.0,0.04,2.958,0.446,0.638,-0.095
1006,27.0,48.0,0.04,2.95,0.446,0.638,-0.095
1007,27.0,49.0,0.043,3.025,0.451,0.638,-0.095
1008,27.0,50.0,0.042,2.979,0.437,0.638,-0.095
1009,27.0,51.0,0.041,2.937,0.431,0.638,-0.095
1010,27.0,52.0,0.043,2.975,0.429,0.639,-0.095
1011,27.0,53.0,0.044,2.989,0.441,0.639,-0.095
1012,27.0,54.0,0.043,2.894,0.441,0.612,-0.095
1013,27.0,55.0,0.04,2.865,0.423,0.612,-0.095
1014,27.0,56.0,0.041,2.878,0.429,0.61,-0.095
1015,27.0,57.0,0.041,2.862,0.443,0.61,-0.095
1016,27.0,58.0,0.041,2.844,0.464,0.61,-0.095
1017,27.0,59.0,0.043,2.911,0.478,0.61,-0.095
1018,27.0,60.0,0.042,2.874,0.456,0.61,-0.095
1019,27.0,61.0,0.041,2.825,0.435,0.61,-0.095
1020,27.0,62.0,0.042,2.804,0.448,0.61,-0.105
1021,27.0,63.0,0.042,2.782,0.448,0.61,-0.105
1022,27.0,64.0,0.04,2.731,0.441,0.61,-0.105
1023,27.0,65.0,0.04,2.693,0.441,0.586,-0.105
1024,27.0,66.0,0.038,2.641,0.429,0.571,-0.105
1025,27.0,67.0,0.04,2.676,0.448,0.571,-0.106
1026,27.0,68.0,0.037,2.503,0.448,0.571,-0.106
1027,27.0,69.0,0.039,2.561,0.446,0.633,-0.106
1028,27.0,70.0,0.04,2.551,0.453,0.633,-0.106
1029,27.0,71.0,0.041,2.605,0.453,0.633,-0.106
1030,27.0,72.0,0.04,2.58,0.438,0.633,-0.106
1031,27.0,73.0,0.041,2.561,0.444,0.633,-0.106
1032,27.0,74.0,0.04,2.545,0.453,0.644,-0.106
1033,27.0,75.0,0.039,2.518,0.446,0.644,-0.106
1034,27.0,76.0,0.039,2.513,0.431,0.644,-0.106
1035,28.0,33.0,0.032,2.958,0.435,0.433,-0.095
1036,28.0,34.0,0.034,2.984,0.449,0.433,-0.095
1037,28.0,35.0,0.034,2.96,0.46,0.433,-0.095
1038,28.0,36.0,0.035,2.938,0.482,0.433,-0.095
1039,28.0,37.0,0.035,2.944,0.464,0.433,-0.095
1040,28.0,38.0,0.036,3.026,0.47,0.433,-0.095
1041,28.0,39.0,0.038,3.064,0.475,0.633,-0.095
1042,28.0,40.0,0.038,2.986,0.456,0.633,-0.095
1043,28.0,41.0,0.038,2.965,0.462,0.633,-0.095
1044,28.0,42.0,0.038,2.926,0.462,0.633,-0.095
1045,28.0,43.0,0.04,2.984,0.48,0.634,-0.095
1046,28.0,44.0,0.039,2.972,0.474,0.643,-0.095
1047,28.0,45.0,0.039,2.921,0.446,0.638,-0.095
1048,28.0,46.0,0.039,2.923,0.446,0.638,-0.095
1049,28.0,47.0,0.04,2.952,0.446,0.638,-0.095
1050,28.0,48.0,0.043,3.071,0.444,0.638,-0.095
1051,28.0,49.0,0.042,3.01,0.437,0.638,-0.095
1052,28.0,50.0,0.042,2.969,0.429,0.638,-0.095
1053,28.0,51.0,0.042,2.971,0.429,0.638,-0.095
1054,28.0,52.0,0.044,2.978,0.441,0.639,-0.095
1055,28.0,53.0,0.042,2.892,0.435,0.612,-0.095
1056,28.0,54.0,0.041,2.88,0.423,0.612,-0.095
1057,28.0,55.0,0.042,2.92,0.443,0.612,-0.095
1058,28.0,56.0,0.041,2.85,0.443,0.61,-0.095
1059,28.0,57.0,0.041,2.877,0.457,0.61,-0.095
1060,28.0,58.0,0.043,2.907,0.471,0.61,-0.095
1061,28.0,59.0,0.042,2.873,0.441,0.61,-0.105
1062,28.0,60.0,0.042,2.834,0.448,0.61,-0.105
1063,28.0,61.0,0.042,2.784,0.455,0.61,-0.105
1064,28.0,62.0,0.041,2.77,0.448,0.61,-0.105
1065,28.0,63.0,0.041,2.749,0.448,0.61,-0.105
1066,28.0,64.0,0.04,2.701,0.441,0.586,-0.105
1067,28.0,65.0,0.038,2.664,0.429,0.571,-0.106
1068,28.0,66.0,0.037,2.497,0.448,0.571,-0.106
1069,28.0,67.0,0.038,2.446,0.462,0.571,-0.106
1070,28.0,68.0,0.04,2.551,0.453,0.633,-0.106
1071,28.0,69.0,0.041,2.574,0.46,0.633,-0.106
1072,28.0,70.0,0.041,2.592,0.453,0.633,-0.106
1073,28.0,71.0,0.041,2.6,0.453,0.633,-0.106
1074,28.0,72.0,0.041,2.56,0.46,0.644,-0.106
1075,28.0,73.0,0.04,2.551,0.46,0.644,-0.106
1076,28.0,74.0,0.04,2.508,0.444,0.644,-0.106
1077,28.0,75.0,0.039,2.477,0.429,0.644,-0.106
1078,28.0,76.0,0.039,2.479,0.413,0.644,-0.106
1079,28.0,77.0,0.039,2.448,0.419,0.644,-0.106
1080,29.0,34.0,0.034,2.965,0.471,0.433,-0.095
1081,29.0,35.0,0.035,2.922,0.482,0.433,-0.095
1082,29.0,36.0,0.035,2.943,0.459,0.433,-0.095
1083,29.0,37.0,0.037,3.037,0.476,0.433,-0.095
1084,29.0,38.0,0.038,3.026,0.475,0.633,-0.095
1085,29.0,39.0,0.037,2.976,0.45,0.633,-0.095
1086,29.0,40.0,0.038,2.967,0.462,0.633,-0.095
1087,29.0,41.0,0.039,2.98,0.494,0.633,-0.095
1088,29.0,42.0,0.039,2.976,0.474,0.634,-0.095
1089,29.0,43.0,0.039,2.962,0.467,0.636,-0.095
1090,29.0,44.0,0.04,2.929,0.446,0.643,-0.095
1091,29.0,45.0,0.041,2.969,0.452,0.638,-0.095
1092,29.0,46.0,0.04,2.973,0.446,0.638,-0.095
1093,29.0,47.0,0.042,2.999,0.431,0.638,-0.095
1094,29.0,48.0,0.041,2.986,0.431,0.638,-0.095
1095,29.0,49.0,0.042,2.964,0.429,0.638,-0.095
1096,29.0,50.0,0.044,2.987,0.441,0.638,-0.095
1097,29.0,51.0,0.043,2.945,0.441,0.612,-0.095
1098,29.0,52.0,0.044,2.921,0.448,0.612,-0.095
1099,29.0,53.0,0.041,2.893,0.423,0.612,-0.095
1100,29.0,54.0,0.041,2.868,0.443,0.612,-0.095
1101,29.0,55.0,0.041,2.897,0.443,0.61,-0.095
1102,29.0,56.0,0.041,2.885,0.457,0.61,-0.095
1103,29.0,57.0,0.041,2.843,0.449,0.61,-0.105
1104,29.0,58.0,0.042,2.883,0.441,0.61,-0.105
1105,29.0,59.0,0.042,2.834,0.441,0.61,-0.105
1106,29.0,60.0,0.043,2.817,0.47,0.61,-0.105
1107,29.0,61.0,0.041,2.767,0.463,0.61,-0.105
1108,29.0,62.0,0.041,2.744,0.448,0.586,-0.105
1109,29.0,63.0,0.038,2.691,0.429,0.586,-0.106
1110,29.0,64.0,0.038,2.6,0.441,0.571,-0.106
1111,29.0,65.0,0.039,2.505,0.462,0.571,-0.106
1112,29.0,66.0,0.039,2.485,0.469,0.571,-0.106
1113,29.0,67.0,0.04,2.569,0.453,0.633,-0.106
1114,29.0,68.0,0.042,2.63,0.476,0.633,-0.106
1115,29.0,69.0,0.042,2.663,0.476,0.644,-0.106
1116,29.0,70.0,0.041,2.601,0.46,0.644,-0.106
1117,29.0,71.0,0.041,2.541,0.468,0.644,-0.106
1118,29.0,72.0,0.042,2.539,0.459,0.644,-0.106
1119,29.0,73.0,0.041,2.529,0.459,0.644,-0.106
1120,29.0,74.0,0.039,2.442,0.435,0.644,-0.106
1121,29.0,75.0,0.039,2.438,0.419,0.644,-0.106
1122,29.0,76.0,0.039,2.448,0.413,0.644,-0.106
1123,29.0,77.0,0.038,2.371,0.403,0.636,-0.106
1124,29.0,78.0,0.038,2.344,0.403,0.636,-0.106
1125,30.0,35.0,0.035,2.957,0.459,0.433,-0.095
1126,30.0,36.0,0.037,3.001,0.476,0.433,-0.095
1127,30.0,37.0,0.037,2.988,0.463,0.633,-0.095
1128,30.0,38.0,0.037,2.969,0.45,0.633,-0.095
1129,30.0,39.0,0.039,2.981,0.468,0.633,-0.095
1130,30.0,40.0,0.039,2.968,0.474,0.633,-0.095
1131,30.0,41.0,0.04,2.979,0.48,0.634,-0.095
1132,30.0,42.0,0.039,2.929,0.453,0.636,-0.095
1133,30.0,43.0,0.04,2.948,0.446,0.644,-0.095
1134,30.0,44.0,0.041,2.99,0.452,0.643,-0.095
1135,30.0,45.0,0.042,3.031,0.444,0.638,-0.095
1136,30.0,46.0,0.043,2.998,0.443,0.638,-0.095
1137,30.0,47.0,0.043,2.992,0.429,0.638,-0.095
1138,30.0,48.0,0.043,3.001,0.435,0.638,-0.095
1139,30.0,49.0,0.045,3.025,0.448,0.638,-0.095
1140,30.0,50.0,0.045,2.999,0.448,0.612,-0.095
1141,30.0,51.0,0.043,2.928,0.441,0.612,-0.095
1142,30.0,52.0,0.042,2.879,0.449,0.612,-0.095
1143,30.0,53.0,0.043,2.934,0.456,0.612,-0.095
1144,30.0,54.0,0.042,2.904,0.449,0.61,-0.095
1145,30.0,55.0,0.042,2.914,0.464,0.61,-0.105
1146,30.0,56.0,0.043,2.91,0.456,0.61,-0.105
1147,30.0,57.0,0.042,2.832,0.456,0.61,-0.105
1148,30.0,58.0,0.041,2.822,0.456,0.61,-0.105
1149,30.0,59.0,0.041,2.767,0.448,0.61,-0.105
1150,30.0,60.0,0.042,2.793,0.448,0.61,-0.105
1151,30.0,61.0,0.041,2.749,0.448,0.586,-0.106
1152,30.0,62.0,0.039,2.712,0.429,0.586,-0.106
1153,30.0,63.0,0.038,2.52,0.448,0.571,-0.106
1154,30.0,64.0,0.038,2.484,0.462,0.571,-0.106
1155,30.0,65.0,0.039,2.481,0.469,0.571,-0.106
1156,30.0,66.0,0.042,2.62,0.476,0.633,-0.106
1157,30.0,67.0,0.042,2.668,0.476,0.644,-0.106
1158,30.0,68.0,0.042,2.637,0.476,0.644,-0.106
1159,30.0,69.0,0.042,2.574,0.459,0.644,-0.106
1160,30.0,70.0,0.043,2.553,0.467,0.644,-0.106
1161,30.0,71.0,0.043,2.554,0.467,0.644,-0.106
1162,30.0,72.0,0.04,2.453,0.435,0.644,-0.106
1163,30.0,73.0,0.039,2.425,0.435,0.644,-0.106
1164,30.0,74.0,0.039,2.442,0.419,0.636,-0.106
1165,30.0,75.0,0.038,2.38,0.397,0.636,-0.106
1166,30.0,76.0,0.038,2.376,0.381,0.636,-0.106
1167,30.0,77.0,0.037,2.344,0.381,0.636,-0.106
1168,30.0,78.0,0.037,2.382,0.359,0.706,-0.106
1169,30.0,79.0,0.039,2.405,0.377,0.706,-0.106
1170,31.0,36.0,0.037,2.978,0.45,0.633,-0.095
1171,31.0,37.0,0.037,2.97,0.45,0.633,-0.095
1172,31.0,38.0,0.038,2.975,0.462,0.633,-0.095
1173,31.0,39.0,0.039,2.95,0.474,0.634,-0.095
1174,31.0,40.0,0.039,2.951,0.48,0.634,-0.095
1175,31.0,41.0,0.04,2.96,0.459,0.636,-0.095
1176,31.0,42.0,0.041,2.984,0.458,0.636,-0.095
1177,31.0,43.0,0.042,2.994,0.458,0.643,-0.095
1178,31.0,44.0,0.041,2.999,0.425,0.638,-0.095
1179,31.0,45.0,0.044,3.047,0.435,0.638,-0.095
1180,31.0,46.0,0.043,2.982,0.429,0.638,-0.095
1181,31.0,47.0,0.044,3.017,0.435,0.638,-0.095
1182,31.0,48.0,0.045,3.011,0.433,0.638,-0.095
1183,31.0,49.0,0.044,2.959,0.433,0.611,-0.095
1184,31.0,50.0,0.042,2.911,0.42,0.612,-0.095
1185,31.0,51.0,0.042,2.881,0.435,0.612,-0.095
1186,31.0,52.0,0.043,2.896,0.441,0.612,-0.095
1187,31.0,53.0,0.043,2.898,0.441,0.612,-0.105
1188,31.0,54.0,0.042,2.898,0.435,0.61,-0.105
1189,31.0,55.0,0.043,2.909,0.456,0.61,-0.105
1190,31.0,56.0,0.043,2.862,0.433,0.61,-0.105
1191,31.0,57.0,0.042,2.841,0.441,0.61,-0.105
1192,31.0,58.0,0.041,2.793,0.441,0.61,-0.105
1193,31.0,59.0,0.041,2.773,0.441,0.61,-0.105
1194,31.0,60.0,0.04,2.729,0.435,0.586,-0.106
1195,31.0,61.0,0.036,2.588,0.417,0.586,-0.106
1196,31.0,62.0,0.039,2.559,0.455,0.571,-0.106
1197,31.0,63.0,0.038,2.514,0.455,0.571,-0.106
1198,31.0,64.0,0.039,2.554,0.47,0.571,-0.106
1199,31.0,65.0,0.041,2.654,0.462,0.644,-0.106
1200,31.0,66.0,0.041,2.652,0.462,0.644,-0.106
1201,31.0,67.0,0.042,2.616,0.444,0.644,-0.106
1202,31.0,68.0,0.041,2.553,0.444,0.644,-0.106
1203,31.0,69.0,0.04,2.55,0.444,0.644,-0.106
1204,31.0,70.0,0.04,2.494,0.452,0.644,-0.106
1205,31.0,71.0,0.04,2.478,0.435,0.644,-0.106
1206,31.0,72.0,0.038,2.372,0.413,0.636,-0.106
1207,31.0,73.0,0.04,2.451,0.387,0.636,-0.106
1208,31.0,74.0,0.038,2.416,0.381,0.636,-0.106
1209,31.0,75.0,0.037,2.376,0.369,0.636,-0.106
1210,31.0,76.0,0.039,2.459,0.365,0.706,-0.106
1211,31.0,77.0,0.037,2.397,0.359,0.706,-0.106
1212,31.0,78.0,0.039,2.445,0.371,0.706,-0.106
1213,31.0,79.0,0.04,2.422,0.377,0.706,-0.106
1214,31.0,80.0,0.039,2.441,0.365,0.732,-0.106
1215,32.0,37.0,0.038,2.968,0.456,0.633,-0.095
1216,32.0,38.0,0.04,2.964,0.48,0.634,-0.095
1217,32.0,39.0,0.039,2.947,0.48,0.634,-0.095
1218,32.0,40.0,0.04,2.95,0.459,0.636,-0.095
1219,32.0,41.0,0.042,2.982,0.465,0.632,-0.095
1220,32.0,42.0,0.042,3.01,0.458,0.644,-0.095
1221,32.0,43.0,0.041,3.026,0.419,0.643,-0.095
1222,32.0,44.0,0.044,3.03,0.435,0.638,-0.095
1223,32.0,45.0,0.043,2.98,0.42,0.638,-0.095
1224,32.0,46.0,0.044,3.011,0.426,0.638,-0.095
1225,32.0,47.0,0.045,3.01,0.433,0.638,-0.095
1226,32.0,48.0,0.045,2.986,0.433,0.611,-0.095
1227,32.0,49.0,0.043,2.945,0.435,0.612,-0.095
1228,32.0,50.0,0.042,2.925,0.435,0.612,-0.095
1229,32.0,51.0,0.042,2.932,0.435,0.612,-0.105
1230,32.0,52.0,0.043,2.931,0.441,0.612,-0.105
1231,32.0,53.0,0.042,2.917,0.435,0.61,-0.105
1232,32.0,54.0,0.042,2.839,0.426,0.61,-0.105
1233,32.0,55.0,0.043,2.857,0.439,0.61,-0.105
1234,32.0,56.0,0.042,2.821,0.433,0.61,-0.105
1235,32.0,57.0,0.043,2.809,0.439,0.61,-0.105
1236,32.0,58.0,0.041,2.746,0.433,0.586,-0.106
1237,32.0,59.0,0.037,2.593,0.429,0.586,-0.106
1238,32.0,60.0,0.035,2.554,0.417,0.586,-0.106
1239,32.0,61.0,0.038,2.568,0.448,0.571,-0.106
1240,32.0,62.0,0.039,2.534,0.477,0.571,-0.106
1241,32.0,63.0,0.039,2.576,0.47,0.571,-0.106
1242,32.0,64.0,0.042,2.688,0.469,0.644,-0.106
1243,32.0,65.0,0.043,2.687,0.468,0.644,-0.106
1244,32.0,66.0,0.041,2.57,0.452,0.644,-0.106
1245,32.0,67.0,0.04,2.528,0.444,0.644,-0.106
1246,32.0,68.0,0.041,2.552,0.452,0.644,-0.106
1247,32.0,69.0,0.04,2.49,0.452,0.636,-0.106
1248,32.0,70.0,0.038,2.395,0.413,0.636,-0.106
1249,32.0,71.0,0.038,2.412,0.397,0.636,-0.106
1250,32.0,72.0,0.04,2.454,0.393,0.636,-0.106
1251,32.0,73.0,0.038,2.423,0.381,0.636,-0.106
1252,32.0,74.0,0.038,2.459,0.375,0.706,-0.106
1253,32.0,75.0,0.038,2.424,0.359,0.706,-0.106
1254,32.0,76.0,0.038,2.449,0.359,0.706,-0.106
1255,32.0,77.0,0.038,2.444,0.359,0.732,-0.106
1256,32.0,78.0,0.039,2.463,0.365,0.732,-0.106
1257,32.0,79.0,0.04,2.475,0.371,0.732,-0.106
1258,32.0,80.0,0.039,2.435,0.365,0.732,-0.106
1259,32.0,81.0,0.039,2.435,0.365,0.747,-0.106
1260,33.0,38.0,0.039,2.945,0.48,0.634,-0.095
1261,33.0,39.0,0.04,2.948,0.459,0.636,-0.095
1262,33.0,40.0,0.042,2.976,0.465,0.632,-0.095
1263,33.0,41.0,0.042,3.013,0.458,0.632,-0.095
1264,33.0,42.0,0.042,3.048,0.425,0.643,-0.095
1265,33.0,43.0,0.043,3.024,0.414,0.638,-0.095
1266,33.0,44.0,0.044,3.005,0.42,0.638,-0.095
1267,33.0,45.0,0.044,3.017,0.426,0.638,-0.095
1268,33.0,46.0,0.044,2.965,0.433,0.638,-0.095
1269,33.0,47.0,0.043,2.985,0.42,0.611,-0.095
1270,33.0,48.0,0.043,2.95,0.435,0.612,-0.095
1271,33.0,49.0,0.043,2.945,0.441,0.612,-0.095
1272,33.0,50.0,0.044,2.946,0.448,0.612,-0.105
1273,33.0,51.0,0.044,2.959,0.448,0.612,-0.105
1274,33.0,52.0,0.043,2.9,0.441,0.61,-0.105
1275,33.0,53.0,0.042,2.83,0.426,0.61,-0.105
1276,33.0,54.0,0.042,2.809,0.433,0.61,-0.105
1277,33.0,55.0,0.041,2.809,0.426,0.61,-0.105
1278,33.0,56.0,0.041,2.775,0.433,0.61,-0.105
1279,33.0,57.0,0.04,2.665,0.433,0.586,-0.106
1280,33.0,58.0,0.037,2.557,0.414,0.586,-0.106
1281,33.0,59.0,0.036,2.518,0.42,0.586,-0.106
1282,33.0,60.0,0.038,2.536,0.47,0.571,-0.106
1283,33.0,61.0,0.04,2.578,0.477,0.571,-0.106
1284,33.0,62.0,0.041,2.638,0.484,0.571,-0.106
1285,33.0,63.0,0.044,2.709,0.475,0.644,-0.106
1286,33.0,64.0,0.044,2.703,0.468,0.644,-0.106
1287,33.0,65.0,0.041,2.549,0.452,0.644,-0.106
1288,33.0,66.0,0.042,2.593,0.452,0.644,-0.106
1289,33.0,67.0,0.041,2.54,0.452,0.636,-0.106
1290,33.0,68.0,0.04,2.422,0.426,0.636,-0.106
1291,33.0,69.0,0.04,2.439,0.41,0.636,-0.106
1292,33.0,70.0,0.042,2.497,0.4,0.636,-0.106
1293,33.0,71.0,0.042,2.504,0.407,0.636,-0.106
1294,33.0,72.0,0.044,2.551,0.414,0.706,-0.106
1295,33.0,73.0,0.041,2.522,0.377,0.706,-0.106
1296,33.0,74.0,0.04,2.487,0.371,0.706,-0.106
1297,33.0,75.0,0.041,2.503,0.377,0.732,-0.106
1298,33.0,76.0,0.04,2.481,0.371,0.732,-0.106
1299,33.0,77.0,0.041,2.509,0.377,0.732,-0.106
1300,33.0,78.0,0.044,2.529,0.397,0.732,-0.106
1301,33.0,79.0,0.043,2.469,0.397,0.747,-0.106
1302,33.0,80.0,0.041,2.482,0.393,0.748,-0.106
1303,33.0,81.0,0.039,2.471,0.365,0.748,-0.106
1304,33.0,82.0,0.039,2.464,0.365,0.802,-0.106
1305,34.0,39.0,0.041,2.958,0.458,0.632,-0.095
1306,34.0,40.0,0.043,3.02,0.465,0.632,-0.095
1307,34.0,41.0,0.042,3.031,0.417,0.643,-0.095
1308,34.0,42.0,0.043,3.04,0.414,0.638,-0.095
1309,34.0,43.0,0.044,3.017,0.42,0.638,-0.095
1310,34.0,44.0,0.044,3.022,0.426,0.638,-0.095
1311,34.0,45.0,0.044,3.005,0.426,0.638,-0.095
1312,34.0,46.0,0.043,2.97,0.42,0.611,-0.095
1313,34.0,47.0,0.043,2.937,0.441,0.611,-0.095
1314,34.0,48.0,0.043,2.919,0.441,0.612,-0.105
1315,34.0,49.0,0.044,2.943,0.448,0.612,-0.105
1316,34.0,50.0,0.043,2.9,0.433,0.612,-0.105
1317,34.0,51.0,0.042,2.847,0.441,0.61,-0.105
1318,34.0,52.0,0.041,2.796,0.42,0.61,-0.105
1319,34.0,53.0,0.041,2.756,0.433,0.61,-0.105
1320,34.0,54.0,0.041,2.768,0.426,0.61,-0.105
1321,34.0,55.0,0.041,2.762,0.433,0.61,-0.106
1322,34.0,56.0,0.039,2.585,0.433,0.586,-0.106
1323,34.0,57.0,0.037,2.579,0.42,0.586,-0.106
1324,34.0,58.0,0.039,2.596,0.455,0.586,-0.106
1325,34.0,59.0,0.04,2.553,0.469,0.571,-0.106
1326,34.0,60.0,0.04,2.584,0.462,0.571,-0.106
1327,34.0,61.0,0.041,2.592,0.469,0.571,-0.106
1328,34.0,62.0,0.043,2.649,0.468,0.644,-0.106
1329,34.0,63.0,0.042,2.632,0.468,0.644,-0.106
1330,34.0,64.0,0.041,2.556,0.452,0.644,-0.106
1331,34.0,65.0,0.042,2.577,0.452,0.636,-0.106
1332,34.0,66.0,0.041,2.506,0.443,0.636,-0.106
1333,34.0,67.0,0.04,2.413,0.417,0.636,-0.106
1334,34.0,68.0,0.04,2.429,0.417,0.636,-0.106
1335,34.0,69.0,0.043,2.513,0.414,0.636,-0.106
1336,34.0,70.0,0.045,2.592,0.421,0.706,-0.106
1337,34.0,71.0,0.043,2.561,0.407,0.706,-0.106
1338,34.0,72.0,0.044,2.579,0.397,0.732,-0.106
1339,34.0,73.0,0.042,2.548,0.377,0.732,-0.106
1340,34.0,74.0,0.041,2.529,0.377,0.732,-0.106
1341,34.0,75.0,0.041,2.536,0.371,0.732,-0.106
1342,34.0,76.0,0.043,2.562,0.383,0.747,-0.106
1343,34.0,77.0,0.043,2.514,0.407,0.747,-0.106
1344,34.0,78.0,0.043,2.525,0.39,0.748,-0.106
1345,34.0,79.0,0.043,2.531,0.39,0.742,-0.106
1346,34.0,80.0,0.042,2.532,0.377,0.802,-0.106
1347,34.0,81.0,0.043,2.561,0.39,0.802,-0.106
1348,34.0,82.0,0.041,2.488,0.383,0.795,-0.106
1349,34.0,83.0,0.042,2.496,0.39,0.795,-0.1
1350,35.0,40.0,0.044,3.048,0.414,0.644,-0.095
1351,35.0,41.0,0.044,3.04,0.42,0.638,-0.095
1352,35.0,42.0,0.044,3.018,0.426,0.638,-0.095
1353,35.0,43.0,0.045,3.022,0.433,0.638,-0.095
1354,35.0,44.0,0.046,3.022,0.439,0.638,-0.095
1355,35.0,45.0,0.044,2.995,0.426,0.611,-0.095
1356,35.0,46.0,0.044,2.93,0.448,0.611,-0.095
1357,35.0,47.0,0.044,2.936,0.448,0.612,-0.105
1358,35.0,48.0,0.043,2.91,0.448,0.612,-0.105
1359,35.0,49.0,0.043,2.867,0.433,0.612,-0.105
1360,35.0,50.0,0.041,2.842,0.429,0.61,-0.105
1361,35.0,51.0,0.041,2.815,0.426,0.61,-0.105
1362,35.0,52.0,0.041,2.758,0.433,0.61,-0.105
1363,35.0,53.0,0.042,2.787,0.433,0.61,-0.105
1364,35.0,54.0,0.041,2.73,0.439,0.61,-0.106
1365,35.0,55.0,0.04,2.619,0.439,0.586,-0.106
1366,35.0,56.0,0.037,2.554,0.435,0.586,-0.106
1367,35.0,57.0,0.041,2.629,0.469,0.586,-0.106
1368,35.0,58.0,0.04,2.574,0.469,0.571,-0.106
1369,35.0,59.0,0.042,2.613,0.468,0.571,-0.106
1370,35.0,60.0,0.04,2.544,0.453,0.571,-0.106
1371,35.0,61.0,0.042,2.651,0.444,0.644,-0.106
1372,35.0,62.0,0.043,2.63,0.459,0.644,-0.106
1373,35.0,63.0,0.042,2.559,0.459,0.644,-0.106
1374,35.0,64.0,0.041,2.511,0.443,0.636,-0.106
1375,35.0,65.0,0.04,2.451,0.426,0.636,-0.106
1376,35.0,66.0,0.042,2.455,0.424,0.636,-0.106
1377,35.0,67.0,0.041,2.446,0.424,0.636,-0.106
1378,35.0,68.0,0.044,2.58,0.414,0.706,-0.106
1379,35.0,69.0,0.045,2.537,0.429,0.706,-0.106
1380,35.0,70.0,0.045,2.576,0.421,0.732,-0.106
1381,35.0,71.0,0.045,2.54,0.404,0.732,-0.106
1382,35.0,72.0,0.042,2.521,0.383,0.732,-0.106
1383,35.0,73.0,0.041,2.525,0.377,0.732,-0.106
1384,35.0,74.0,0.041,2.52,0.377,0.747,-0.106
1385,35.0,75.0,0.043,2.581,0.4,0.747,-0.106
1386,35.0,76.0,0.044,2.556,0.397,0.748,-0.106
1387,35.0,77.0,0.044,2.539,0.397,0.742,-0.106
1388,35.0,78.0,0.046,2.615,0.404,0.802,-0.106
1389,35.0,79.0,0.043,2.557,0.39,0.795,-0.106
1390,35.0,80.0,0.043,2.559,0.383,0.795,-0.1
1391,35.0,81.0,0.043,2.481,0.397,0.795,-0.1
1392,35.0,82.0,0.043,2.509,0.39,0.795,-0.1
1393,35.0,83.0,0.043,2.429,0.404,0.79,-0.1
1394,35.0,84.0,0.044,2.398,0.4,0.79,-0.1
1395,36.0,41.0,0.044,3.023,0.426,0.638,-0.095
1396,36.0,42.0,0.045,3.011,0.433,0.638,-0.095
1397,36.0,43.0,0.045,2.984,0.439,0.611,-0.095
1398,36.0,44.0,0.046,3.058,0.448,0.611,-0.095
1399,36.0,45.0,0.044,2.889,0.455,0.611,-0.105
1400,36.0,46.0,0.043,2.904,0.441,0.612,-0.105
1401,36.0,47.0,0.044,2.933,0.448,0.612,-0.105
1402,36.0,48.0,0.042,2.869,0.426,0.612,-0.105
1403,36.0,49.0,0.039,2.802,0.423,0.61,-0.105
1404,36.0,50.0,0.041,2.794,0.426,0.61,-0.105
1405,36.0,51.0,0.041,2.767,0.433,0.61,-0.105
1406,36.0,52.0,0.041,2.76,0.433,0.61,-0.105
1407,36.0,53.0,0.04,2.624,0.439,0.586,-0.106
1408,36.0,54.0,0.04,2.619,0.439,0.586,-0.106
1409,36.0,55.0,0.037,2.585,0.435,0.586,-0.106
1410,36.0,56.0,0.04,2.589,0.469,0.586,-0.106
1411,36.0,57.0,0.042,2.635,0.476,0.571,-0.106
1412,36.0,58.0,0.041,2.586,0.46,0.571,-0.106
1413,36.0,59.0,0.041,2.559,0.468,0.571,-0.106
1414,36.0,60.0,0.042,2.645,0.429,0.644,-0.106
1415,36.0,61.0,0.042,2.584,0.435,0.644,-0.106
1416,36.0,62.0,0.042,2.527,0.45,0.636,-0.106
1417,36.0,63.0,0.041,2.489,0.433,0.636,-0.106
1418,36.0,64.0,0.042,2.483,0.441,0.636,-0.106
1419,36.0,65.0,0.043,2.482,0.431,0.636,-0.106
1420,36.0,66.0,0.043,2.47,0.431,0.636,-0.106
1421,36.0,67.0,0.046,2.615,0.421,0.706,-0.106
1422,36.0,68.0,0.045,2.564,0.421,0.732,-0.106
1423,36.0,69.0,0.045,2.576,0.404,0.732,-0.106
1424,36.0,70.0,0.044,2.57,0.397,0.732,-0.106
1425,36.0,71.0,0.042,2.513,0.383,0.732,-0.106
1426,36.0,72.0,0.043,2.553,0.383,0.747,-0.106
1427,36.0,73.0,0.044,2.595,0.407,0.748,-0.106
1428,36.0,74.0,0.043,2.549,0.39,0.748,-0.106
1429,36.0,75.0,0.044,2.545,0.397,0.742,-0.106
1430,36.0,76.0,0.045,2.583,0.397,0.802,-0.106
1431,36.0,77.0,0.044,2.551,0.397,0.795,-0.1
1432,36.0,78.0,0.045,2.544,0.404,0.795,-0.1
1433,36.0,79.0,0.042,2.464,0.397,0.795,-0.1
1434,36.0,80.0,0.043,2.509,0.39,0.795,-0.1
1435,36.0,81.0,0.045,2.494,0.393,0.79,-0.1
1436,36.0,82.0,0.045,2.404,0.407,0.79,-0.1
1437,36.0,83.0,0.045,2.433,0.407,0.833,-0.1
1438,36.0,84.0,0.045,2.441,0.407,0.833,-0.1
1439,36.0,85.0,0.045,2.447,0.407,0.829,-0.1
1440,37.0,42.0,0.045,2.99,0.439,0.611,-0.095
1441,37.0,43.0,0.045,3.037,0.448,0.611,-0.095
1442,37.0,44.0,0.044,2.894,0.455,0.611,-0.105
1443,37.0,45.0,0.043,2.914,0.448,0.612,-0.105
1444,37.0,46.0,0.044,2.946,0.448,0.612,-0.105
1445,37.0,47.0,0.042,2.863,0.426,0.612,-0.105
1446,37.0,48.0,0.04,2.805,0.429,0.61,-0.105
1447,37.0,49.0,0.042,2.792,0.433,0.61,-0.105
1448,37.0,50.0,0.041,2.766,0.433,0.61,-0.105
1449,37.0,51.0,0.041,2.731,0.433,0.61,-0.106
1450,37.0,52.0,0.04,2.62,0.439,0.586,-0.106
1451,37.0,53.0,0.039,2.65,0.441,0.586,-0.106
1452,37.0,54.0,0.038,2.608,0.441,0.586,-0.106
1453,37.0,55.0,0.041,2.643,0.469,0.586,-0.106
1454,37.0,56.0,0.041,2.601,0.46,0.571,-0.106
1455,37.0,57.0,0.042,2.604,0.468,0.571,-0.106
1456,37.0,58.0,0.042,2.577,0.475,0.571,-0.106
1457,37.0,59.0,0.044,2.614,0.45,0.644,-0.106
1458,37.0,60.0,0.042,2.549,0.426,0.636,-0.106
1459,37.0,61.0,0.04,2.46,0.41,0.636,-0.106
1460,37.0,62.0,0.042,2.465,0.441,0.636,-0.106
1461,37.0,63.0,0.041,2.436,0.424,0.636,-0.106
1462,37.0,64.0,0.043,2.482,0.431,0.636,-0.106
1463,37.0,65.0,0.044,2.526,0.431,0.706,-0.106
1464,37.0,66.0,0.045,2.593,0.421,0.706,-0.106
1465,37.0,67.0,0.046,2.559,0.429,0.732,-0.106
1466,37.0,68.0,0.043,2.523,0.397,0.732,-0.106
1467,37.0,69.0,0.043,2.554,0.39,0.732,-0.106
1468,37.0,70.0,0.045,2.57,0.404,0.747,-0.106
1469,37.0,71.0,0.044,2.596,0.407,0.747,-0.106
1470,37.0,72.0,0.044,2.559,0.397,0.748,-0.106
1471,37.0,73.0,0.042,2.502,0.39,0.742,-0.106
1472,37.0,74.0,0.045,2.616,0.397,0.802,-0.106
1473,37.0,75.0,0.044,2.55,0.414,0.795,-0.1
1474,37.0,76.0,0.044,2.539,0.397,0.795,-0.1
1475,37.0,77.0,0.043,2.507,0.397,0.795,-0.1
1476,37.0,78.0,0.043,2.451,0.404,0.79,-0.1
1477,37.0,79.0,0.042,2.415,0.379,0.79,-0.1
1478,37.0,80.0,0.045,2.457,0.407,0.79,-0.1
1479,37.0,81.0,0.045,2.41,0.407,0.833,-0.1
1480,37.0,82.0,0.045,2.407,0.407,0.829,-0.1
1481,37.0,83.0,0.045,2.407,0.407,0.829,-0.1
1482,37.0,84.0,0.044,2.361,0.407,0.829,-0.1
1483,37.0,85.0,0.041,2.209,0.407,0.792,-0.1
1484,37.0,86.0,0.041,2.211,0.407,0.792,-0.112
1485,38.0,43.0,0.044,2.894,0.455,0.611,-0.105
1486,38.0,44.0,0.043,2.913,0.448,0.612,-0.105
1487,38.0,45.0,0.044,2.922,0.433,0.612,-0.105
1488,38.0,46.0,0.042,2.877,0.426,0.612,-0.105
1489,38.0,47.0,0.041,2.838,0.42,0.612,-0.105
1490,38.0,48.0,0.042,2.786,0.433,0.61,-0.105
1491,38.0,49.0,0.041,2.735,0.433,0.61,-0.105
1492,38.0,50.0,0.041,2.746,0.433,0.61,-0.106
1493,38.0,51.0,0.04,2.632,0.439,0.586,-0.106
1494,38.0,52.0,0.04,2.702,0.441,0.586,-0.106
1495,38.0,53.0,0.039,2.631,0.441,0.586,-0.106
1496,38.0,54.0,0.042,2.647,0.476,0.586,-0.106
1497,38.0,55.0,0.042,2.596,0.468,0.571,-0.106
1498,38.0,56.0,0.043,2.6,0.475,0.571,-0.106
1499,38.0,57.0,0.042,2.552,0.475,0.571,-0.106
1500,38.0,58.0,0.044,2.618,0.45,0.644,-0.106
1501,38.0,59.0,0.043,2.567,0.433,0.636,-0.106
1502,38.0,60.0,0.041,2.46,0.417,0.636,-0.106
1503,38.0,61.0,0.04,2.429,0.417,0.636,-0.106
1504,38.0,62.0,0.041,2.445,0.424,0.636,-0.106
1505,38.0,63.0,0.043,2.472,0.431,0.636,-0.106
1506,38.0,64.0,0.044,2.524,0.431,0.706,-0.106
1507,38.0,65.0,0.046,2.603,0.421,0.732,-0.106
1508,38.0,66.0,0.044,2.534,0.414,0.732,-0.106
1509,38.0,67.0,0.044,2.572,0.397,0.732,-0.106
1510,38.0,68.0,0.045,2.592,0.397,0.747,-0.106
1511,38.0,69.0,0.046,2.617,0.421,0.747,-0.106
1512,38.0,70.0,0.043,2.559,0.39,0.748,-0.106
1513,38.0,71.0,0.044,2.551,0.397,0.742,-0.106
1514,38.0,72.0,0.042,2.499,0.39,0.742,-0.1
1515,38.0,73.0,0.045,2.591,0.414,0.795,-0.1
1516,38.0,74.0,0.043,2.508,0.414,0.795,-0.1
1517,38.0,75.0,0.043,2.488,0.397,0.795,-0.1
1518,38.0,76.0,0.042,2.437,0.379,0.79,-0.1
1519,38.0,77.0,0.042,2.413,0.386,0.79,-0.1
1520,38.0,78.0,0.042,2.433,0.379,0.79,-0.1
1521,38.0,79.0,0.044,2.406,0.4,0.833,-0.1
1522,38.0,80.0,0.045,2.425,0.407,0.829,-0.1
1523,38.0,81.0,0.044,2.4,0.407,0.829,-0.1
1524,38.0,82.0,0.043,2.325,0.407,0.829,-0.112
1525,38.0,83.0,0.041,2.233,0.407,0.829,-0.112
1526,38.0,84.0,0.04,2.176,0.407,0.797,-0.112
1527,38.0,85.0,0.04,2.174,0.407,0.797,-0.112
1528,38.0,86.0,0.041,2.153,0.415,0.797,-0.112
1529,38.0,87.0,0.041,2.2,0.426,0.797,-0.112
1530,39.0,44.0,0.044,2.927,0.439,0.612,-0.105
1531,39.0,45.0,0.042,2.869,0.426,0.612,-0.105
1532,39.0,46.0,0.041,2.839,0.42,0.612,-0.105
1533,39.0,47.0,0.042,2.788,0.433,0.61,-0.105
1534,39.0,48.0,0.041,2.732,0.433,0.61,-0.105
1535,39.0,49.0,0.039,2.629,0.433,0.61,-0.106
1536,39.0,50.0,0.04,2.657,0.455,0.586,-0.106
1537,39.0,51.0,0.039,2.64,0.441,0.586,-0.106
1538,39.0,52.0,0.04,2.656,0.448,0.586,-0.106
1539,39.0,53.0,0.044,2.669,0.475,0.586,-0.106
1540,39.0,54.0,0.043,2.602,0.475,0.571,-0.106
1541,39.0,55.0,0.042,2.565,0.475,0.571,-0.106
1542,39.0,56.0,0.041,2.517,0.459,0.571,-0.106
1543,39.0,57.0,0.043,2.604,0.433,0.636,-0.106
1544,39.0,58.0,0.044,2.568,0.424,0.636,-0.106
1545,39.0,59.0,0.041,2.463,0.417,0.636,-0.106
1546,39.0,60.0,0.04,2.428,0.417,0.636,-0.106
1547,39.0,61.0,0.041,2.448,0.407,0.636,-0.106
1548,39.0,62.0,0.044,2.532,0.431,0.706,-0.106
1549,39.0,63.0,0.044,2.552,0.431,0.732,-0.106
1550,39.0,64.0,0.045,2.567,0.421,0.732,-0.106
1551,39.0,65.0,0.044,2.529,0.397,0.732,-0.106
1552,39.0,66.0,0.045,2.624,0.397,0.747,-0.106
1553,39.0,67.0,0.046,2.61,0.421,0.747,-0.106
1554,39.0,68.0,0.046,2.595,0.404,0.748,-0.106
1555,39.0,69.0,0.044,2.526,0.397,0.742,-0.106
1556,39.0,70.0,0.044,2.528,0.397,0.742,-0.1
1557,39.0,71.0,0.045,2.601,0.414,0.795,-0.1
1558,39.0,72.0,0.043,2.521,0.414,0.795,-0.1
1559,39.0,73.0,0.043,2.519,0.414,0.795,-0.1
1560,39.0,74.0,0.042,2.45,0.379,0.79,-0.1
1561,39.0,75.0,0.042,2.408,0.386,0.79,-0.1
1562,39.0,76.0,0.042,2.409,0.386,0.79,-0.1
1563,39.0,77.0,0.043,2.426,0.386,0.79,-0.1
1564,39.0,78.0,0.045,2.442,0.407,0.829,-0.1
1565,39.0,79.0,0.045,2.408,0.415,0.829,-0.112
1566,39.0,80.0,0.044,2.375,0.407,0.829,-0.112
1567,39.0,81.0,0.042,2.265,0.407,0.829,-0.112
1568,39.0,82.0,0.04,2.183,0.407,0.797,-0.112
1569,39.0,83.0,0.04,2.169,0.407,0.797,-0.112
1570,39.0,84.0,0.04,2.153,0.407,0.797,-0.112
1571,39.0,85.0,0.039,2.115,0.407,0.797,-0.112
1572,39.0,86.0,0.04,2.148,0.426,0.787,-0.114
1573,39.0,87.0,0.039,2.092,0.426,0.716,-0.114
1574,39.0,88.0,0.038,2.052,0.426,0.716,-0.114
1575,40.0,45.0,0.041,2.855,0.42,0.612,-0.105
1576,40.0,46.0,0.042,2.801,0.433,0.61,-0.105
1577,40.0,47.0,0.041,2.732,0.433,0.61,-0.105
1578,40.0,48.0,0.039,2.608,0.433,0.61,-0.106
1579,40.0,49.0,0.041,2.677,0.455,0.586,-0.106
1580,40.0,50.0,0.038,2.611,0.441,0.586,-0.106
1581,40.0,51.0,0.043,2.738,0.476,0.586,-0.106
1582,40.0,52.0,0.043,2.652,0.475,0.586,-0.106
1583,40.0,53.0,0.043,2.604,0.475,0.571,-0.106
1584,40.0,54.0,0.042,2.561,0.475,0.571,-0.106
1585,40.0,55.0,0.041,2.525,0.459,0.571,-0.106
1586,40.0,56.0,0.044,2.621,0.441,0.636,-0.106
1587,40.0,57.0,0.043,2.533,0.424,0.636,-0.106
1588,40.0,58.0,0.04,2.419,0.417,0.636,-0.106
1589,40.0,59.0,0.041,2.432,0.417,0.636,-0.106
1590,40.0,60.0,0.041,2.45,0.4,0.636,-0.106
1591,40.0,61.0,0.044,2.542,0.431,0.706,-0.106
1592,40.0,62.0,0.043,2.56,0.424,0.732,-0.106
1593,40.0,63.0,0.045,2.53,0.429,0.732,-0.106
1594,40.0,64.0,0.044,2.56,0.397,0.732,-0.106
1595,40.0,65.0,0.046,2.643,0.404,0.747,-0.106
1596,40.0,66.0,0.046,2.625,0.421,0.748,-0.106
1597,40.0,67.0,0.045,2.574,0.404,0.748,-0.106
1598,40.0,68.0,0.044,2.533,0.404,0.742,-0.106
1599,40.0,69.0,0.044,2.566,0.414,0.742,-0.1
1600,40.0,70.0,0.045,2.594,0.414,0.795,-0.1
1601,40.0,71.0,0.043,2.488,0.414,0.795,-0.1
1602,40.0,72.0,0.043,2.472,0.397,0.795,-0.1
1603,40.0,73.0,0.043,2.427,0.386,0.79,-0.1
1604,40.0,74.0,0.042,2.404,0.386,0.79,-0.1
1605,40.0,75.0,0.043,2.439,0.386,0.79,-0.1
1606,40.0,76.0,0.044,2.465,0.393,0.829,-0.1
1607,40.0,77.0,0.045,2.413,0.407,0.829,-0.112
1608,40.0,78.0,0.044,2.398,0.4,0.829,-0.112
1609,40.0,79.0,0.043,2.313,0.407,0.829,-0.112
1610,40.0,80.0,0.041,2.209,0.407,0.797,-0.112
1611,40.0,81.0,0.04,2.168,0.407,0.797,-0.112
1612,40.0,82.0,0.04,2.143,0.407,0.797,-0.112
1613,40.0,83.0,0.04,2.136,0.407,0.797,-0.112
1614,40.0,84.0,0.04,2.137,0.426,0.787,-0.114
1615,40.0,85.0,0.04,2.15,0.426,0.787,-0.114
1616,40.0,86.0,0.038,2.028,0.426,0.716,-0.114
1617,40.0,87.0,0.038,2.046,0.426,0.716,-0.114
1618,40.0,88.0,0.037,2.008,0.407,0.704,-0.114
1619,40.0,89.0,0.037,2.015,0.4,0.704,-0.114
1620,41.0,46.0,0.04,2.711,0.433,0.61,-0.105
1621,41.0,47.0,0.039,2.615,0.433,0.61,-0.106
1622,41.0,48.0,0.041,2.691,0.455,0.586,-0.106
1623,41.0,49.0,0.038,2.616,0.441,0.586,-0.106
1624,41.0,50.0,0.045,2.742,0.492,0.586,-0.106
1625,41.0,51.0,0.043,2.646,0.475,0.586,-0.106
1626,41.0,52.0,0.042,2.574,0.475,0.571,-0.106
1627,41.0,53.0,0.042,2.553,0.475,0.571,-0.106
1628,41.0,54.0,0.041,2.495,0.443,0.571,-0.106
1629,41.0,55.0,0.044,2.622,0.424,0.636,-0.106
1630,41.0,56.0,0.042,2.506,0.424,0.636,-0.106
1631,41.0,57.0,0.041,2.439,0.424,0.636,-0.106
1632,41.0,58.0,0.041,2.441,0.424,0.636,-0.106
1633,41.0,59.0,0.041,2.442,0.4,0.636,-0.106
1634,41.0,60.0,0.043,2.524,0.407,0.732,-0.106
1635,41.0,61.0,0.046,2.608,0.421,0.732,-0.106
1636,41.0,62.0,0.044,2.525,0.421,0.732,-0.106
1637,41.0,63.0,0.045,2.628,0.397,0.747,-0.106
1638,41.0,64.0,0.046,2.642,0.421,0.747,-0.106
1639,41.0,65.0,0.046,2.606,0.404,0.748,-0.106
1640,41.0,66.0,0.045,2.581,0.404,0.742,-0.106
1641,41.0,67.0,0.047,2.613,0.429,0.742,-0.1
1642,41.0,68.0,0.046,2.645,0.421,0.795,-0.1
1643,41.0,69.0,0.044,2.561,0.414,0.795,-0.1
1644,41.0,70.0,0.043,2.493,0.397,0.795,-0.1
1645,41.0,71.0,0.042,2.455,0.379,0.79,-0.1
1646,41.0,72.0,0.042,2.422,0.386,0.79,-0.1
1647,41.0,73.0,0.042,2.384,0.386,0.79,-0.1
1648,41.0,74.0,0.043,2.434,0.386,0.829,-0.112
1649,41.0,75.0,0.045,2.485,0.4,0.829,-0.112
1650,41.0,76.0,0.044,2.423,0.4,0.829,-0.112
1651,41.0,77.0,0.044,2.354,0.407,0.829,-0.112
1652,41.0,78.0,0.042,2.26,0.407,0.834,-0.112
1653,41.0,79.0,0.041,2.19,0.407,0.797,-0.112
1654,41.0,80.0,0.04,2.147,0.407,0.797,-0.112
1655,41.0,81.0,0.039,2.109,0.407,0.787,-0.112
1656,41.0,82.0,0.039,2.127,0.426,0.787,-0.112
1657,41.0,83.0,0.039,2.097,0.426,0.787,-0.114
1658,41.0,84.0,0.037,2.022,0.426,0.716,-0.114
1659,41.0,85.0,0.038,2.043,0.426,0.716,-0.114
1660,41.0,86.0,0.037,1.982,0.407,0.704,-0.114
1661,41.0,87.0,0.038,2.033,0.407,0.704,-0.114
1662,41.0,88.0,0.037,2.042,0.4,0.704,-0.114
1663,41.0,89.0,0.038,2.076,0.426,0.704,-0.115
1664,41.0,90.0,0.038,2.114,0.418,0.704,-0.115
1665,42.0,47.0,0.041,2.692,0.455,0.586,-0.106
1666,42.0,48.0,0.039,2.644,0.448,0.586,-0.106
1667,42.0,49.0,0.045,2.728,0.492,0.586,-0.106
1668,42.0,50.0,0.044,2.655,0.475,0.586,-0.106
1669,42.0,51.0,0.042,2.569,0.475,0.571,-0.106
1670,42.0,52.0,0.042,2.535,0.475,0.571,-0.106
1671,42.0,53.0,0.042,2.503,0.45,0.571,-0.106
1672,42.0,54.0,0.044,2.617,0.424,0.636,-0.106
1673,42.0,55.0,0.042,2.494,0.424,0.636,-0.106
1674,42.0,56.0,0.041,2.434,0.424,0.636,-0.106
1675,42.0,57.0,0.04,2.422,0.417,0.636,-0.106
1676,42.0,58.0,0.041,2.496,0.393,0.706,-0.106
1677,42.0,59.0,0.043,2.512,0.407,0.732,-0.106
1678,42.0,60.0,0.045,2.564,0.421,0.732,-0.106
1679,42.0,61.0,0.045,2.587,0.421,0.732,-0.106
1680,42.0,62.0,0.046,2.643,0.404,0.747,-0.106
1681,42.0,63.0,0.046,2.644,0.421,0.748,-0.106
1682,42.0,64.0,0.045,2.582,0.404,0.742,-0.106
1683,42.0,65.0,0.046,2.596,0.411,0.742,-0.1
1684,42.0,66.0,0.047,2.623,0.429,0.735,-0.1
1685,42.0,67.0,0.046,2.607,0.421,0.795,-0.1
1686,42.0,68.0,0.043,2.497,0.397,0.795,-0.1
1687,42.0,69.0,0.042,2.448,0.379,0.79,-0.1
1688,42.0,70.0,0.043,2.461,0.386,0.79,-0.1
1689,42.0,71.0,0.042,2.422,0.386,0.79,-0.1
1690,42.0,72.0,0.042,2.403,0.386,0.79,-0.112
1691,42.0,73.0,0.042,2.443,0.379,0.829,-0.112
1692,42.0,74.0,0.045,2.47,0.4,0.829,-0.112
1693,42.0,75.0,0.045,2.414,0.407,0.829,-0.112
1694,42.0,76.0,0.043,2.333,0.407,0.834,-0.112
1695,42.0,77.0,0.04,2.18,0.407,0.797,-0.112
1696,42.0,78.0,0.04,2.167,0.407,0.797,-0.112
1697,42.0,79.0,0.04,2.137,0.407,0.797,-0.112
1698,42.0,80.0,0.039,2.11,0.407,0.787,-0.112
1699,42.0,81.0,0.039,2.098,0.426,0.787,-0.114
1700,42.0,82.0,0.036,1.97,0.426,0.716,-0.114
1701,42.0,83.0,0.038,2.032,0.426,0.716,-0.114
1702,42.0,84.0,0.037,2.016,0.407,0.704,-0.114
1703,42.0,85.0,0.037,2.008,0.407,0.704,-0.115
1704,42.0,86.0,0.038,2.046,0.407,0.704,-0.115
1705,42.0,87.0,0.037,2.058,0.418,0.704,-0.115
1706,42.0,88.0,0.038,2.094,0.418,0.704,-0.115
1707,42.0,89.0,0.037,2.095,0.411,0.704,-0.115
1708,42.0,90.0,0.04,2.066,0.404,0.713,-0.115
1709,42.0,91.0,0.04,2.061,0.404,0.717,-0.115
1710,43.0,48.0,0.045,2.738,0.492,0.586,-0.106
1711,43.0,49.0,0.043,2.627,0.475,0.586,-0.106
1712,43.0,50.0,0.042,2.55,0.475,0.571,-0.106
1713,43.0,51.0,0.041,2.516,0.459,0.571,-0.106
1714,43.0,52.0,0.042,2.512,0.45,0.571,-0.106
1715,43.0,53.0,0.044,2.592,0.424,0.636,-0.106
1716,43.0,54.0,0.042,2.502,0.417,0.636,-0.106
1717,43.0,55.0,0.041,2.432,0.424,0.636,-0.106
1718,43.0,56.0,0.041,2.395,0.407,0.636,-0.106
1719,43.0,57.0,0.042,2.53,0.4,0.732,-0.106
1720,43.0,58.0,0.043,2.526,0.407,0.732,-0.106
1721,43.0,59.0,0.046,2.614,0.404,0.732,-0.106
1722,43.0,60.0,0.046,2.605,0.404,0.747,-0.106
1723,43.0,61.0,0.046,2.647,0.421,0.747,-0.106
1724,43.0,62.0,0.046,2.631,0.404,0.748,-0.106
1725,43.0,63.0,0.045,2.583,0.404,0.742,-0.106
1726,43.0,64.0,0.047,2.622,0.429,0.742,-0.1
1727,43.0,65.0,0.047,2.656,0.429,0.795,-0.1
1728,43.0,66.0,0.045,2.539,0.421,0.795,-0.1
1729,43.0,67.0,0.043,2.47,0.386,0.795,-0.1
1730,43.0,68.0,0.043,2.463,0.386,0.79,-0.1
1731,43.0,69.0,0.043,2.452,0.386,0.79,-0.1
1732,43.0,70.0,0.042,2.388,0.386,0.79,-0.112
1733,43.0,71.0,0.042,2.417,0.386,0.829,-0.112
1734,43.0,72.0,0.043,2.487,0.379,0.829,-0.112
1735,43.0,73.0,0.045,2.479,0.4,0.829,-0.112
1736,43.0,74.0,0.044,2.367,0.407,0.829,-0.112
1737,43.0,75.0,0.04,2.214,0.4,0.834,-0.112
1738,43.0,76.0,0.04,2.165,0.407,0.797,-0.112
1739,43.0,77.0,0.04,2.158,0.407,0.797,-0.112
1740,43.0,78.0,0.04,2.123,0.415,0.787,-0.112
1741,43.0,79.0,0.039,2.095,0.426,0.787,-0.112
1742,43.0,80.0,0.038,2.027,0.426,0.787,-0.114
1743,43.0,81.0,0.036,1.964,0.426,0.716,-0.114
1744,43.0,82.0,0.037,1.991,0.407,0.704,-0.115
1745,43.0,83.0,0.037,1.995,0.407,0.704,-0.115
1746,43.0,84.0,0.037,2.019,0.407,0.704,-0.115
1747,43.0,85.0,0.038,2.064,0.407,0.704,-0.115
1748,43.0,86.0,0.037,2.052,0.418,0.704,-0.115
1749,43.0,87.0,0.038,2.089,0.418,0.704,-0.115
1750,43.0,88.0,0.037,2.078,0.375,0.713,-0.115
1751,43.0,89.0,0.04,2.068,0.404,0.717,-0.115
1752,43.0,90.0,0.042,2.142,0.392,0.717,-0.115
1753,43.0,91.0,0.043,2.142,0.4,0.717,-0.115
1754,43.0,92.0,0.042,2.124,0.4,0.717,-0.115
1755,44.0,49.0,0.042,2.562,0.475,0.571,-0.106
1756,44.0,50.0,0.041,2.509,0.459,0.571,-0.106
1757,44.0,51.0,0.042,2.514,0.45,0.571,-0.106
1758,44.0,52.0,0.043,2.55,0.424,0.636,-0.106
1759,44.0,53.0,0.041,2.469,0.417,0.636,-0.106
1760,44.0,54.0,0.041,2.429,0.424,0.636,-0.106
1761,44.0,55.0,0.04,2.402,0.4,0.636,-0.106
1762,44.0,56.0,0.043,2.561,0.407,0.732,-0.106
1763,44.0,57.0,0.043,2.538,0.407,0.732,-0.106
1764,44.0,58.0,0.045,2.607,0.397,0.732,-0.106
1765,44.0,59.0,0.046,2.594,0.404,0.747,-0.106
1766,44.0,60.0,0.046,2.617,0.421,0.748,-0.106
1767,44.0,61.0,0.046,2.636,0.404,0.748,-0.106
1768,44.0,62.0,0.045,2.572,0.404,0.742,-0.1
1769,44.0,63.0,0.047,2.608,0.429,0.742,-0.1
1770,44.0,64.0,0.047,2.631,0.429,0.795,-0.1
1771,44.0,65.0,0.044,2.527,0.404,0.795,-0.1
1772,44.0,66.0,0.043,2.436,0.386,0.79,-0.1
1773,44.0,67.0,0.043,2.451,0.386,0.79,-0.1
1774,44.0,68.0,0.043,2.432,0.393,0.79,-0.112
1775,44.0,69.0,0.042,2.398,0.386,0.787,-0.112
1776,44.0,70.0,0.043,2.425,0.386,0.829,-0.112
1777,44.0,71.0,0.043,2.47,0.386,0.829,-0.112
1778,44.0,72.0,0.044,2.421,0.4,0.829,-0.112
1779,44.0,73.0,0.043,2.296,0.407,0.834,-0.112
1780,44.0,74.0,0.04,2.183,0.407,0.797,-0.112
1781,44.0,75.0,0.04,2.177,0.407,0.797,-0.112
1782,44.0,76.0,0.039,2.13,0.407,0.787,-0.112
1783,44.0,77.0,0.039,2.104,0.407,0.787,-0.112
1784,44.0,78.0,0.039,2.117,0.426,0.787,-0.112
1785,44.0,79.0,0.036,1.941,0.426,0.716,-0.115
1786,44.0,80.0,0.036,1.947,0.407,0.704,-0.115
1787,44.0,81.0,0.036,1.964,0.407,0.704,-0.115
1788,44.0,82.0,0.037,2.003,0.407,0.704,-0.115
1789,44.0,83.0,0.038,2.067,0.407,0.704,-0.115
1790,44.0,84.0,0.039,2.092,0.426,0.704,-0.115
1791,44.0,85.0,0.038,2.096,0.418,0.704,-0.115
1792,44.0,86.0,0.037,2.092,0.375,0.717,-0.115
1793,44.0,87.0,0.039,2.076,0.396,0.717,-0.115
1794,44.0,88.0,0.041,2.106,0.404,0.717,-0.115
1795,44.0,89.0,0.042,2.117,0.392,0.717,-0.115
1796,44.0,90.0,0.044,2.132,0.408,0.717,-0.115
1797,44.0,91.0,0.044,2.171,0.408,0.717,-0.115
1798,44.0,92.0,0.046,2.19,0.417,0.711,-0.115
1799,44.0,93.0,0.044,2.108,0.417,0.635,-0.115
1800,45.0,50.0,0.042,2.517,0.45,0.571,-0.106
1801,45.0,51.0,0.043,2.551,0.424,0.636,-0.106
1802,45.0,52.0,0.041,2.476,0.417,0.636,-0.106
1803,45.0,53.0,0.041,2.427,0.424,0.636,-0.106
1804,45.0,54.0,0.04,2.411,0.4,0.636,-0.106
1805,45.0,55.0,0.042,2.543,0.4,0.732,-0.106
1806,45.0,56.0,0.043,2.534,0.407,0.732,-0.106
1807,45.0,57.0,0.044,2.581,0.397,0.732,-0.106
1808,45.0,58.0,0.047,2.615,0.411,0.747,-0.106
1809,45.0,59.0,0.046,2.607,0.404,0.748,-0.106
1810,45.0,60.0,0.045,2.593,0.404,0.742,-0.106
1811,45.0,61.0,0.045,2.59,0.421,0.742,-0.1
1812,45.0,62.0,0.046,2.588,0.429,0.735,-0.1
1813,45.0,63.0,0.046,2.597,0.429,0.795,-0.1
1814,45.0,64.0,0.044,2.484,0.404,0.795,-0.1
1815,45.0,65.0,0.044,2.449,0.393,0.79,-0.1
1816,45.0,66.0,0.043,2.436,0.386,0.79,-0.112
1817,45.0,67.0,0.043,2.422,0.393,0.79,-0.112
1818,45.0,68.0,0.042,2.4,0.386,0.787,-0.112
1819,45.0,69.0,0.043,2.44,0.386,0.829,-0.112
1820,45.0,70.0,0.044,2.468,0.393,0.829,-0.112
1821,45.0,71.0,0.043,2.372,0.4,0.834,-0.112
1822,45.0,72.0,0.04,2.222,0.4,0.834,-0.112
1823,45.0,73.0,0.041,2.212,0.407,0.797,-0.112
1824,45.0,74.0,0.04,2.175,0.407,0.787,-0.112
1825,45.0,75.0,0.039,2.113,0.407,0.787,-0.112
1826,45.0,76.0,0.039,2.13,0.426,0.787,-0.112
1827,45.0,77.0,0.039,2.086,0.426,0.787,-0.115
1828,45.0,78.0,0.036,1.951,0.426,0.704,-0.115
1829,45.0,79.0,0.036,1.955,0.407,0.704,-0.115
1830,45.0,80.0,0.037,2.016,0.407,0.704,-0.115
1831,45.0,81.0,0.037,2.018,0.407,0.704,-0.115
1832,45.0,82.0,0.039,2.103,0.426,0.704,-0.115
1833,45.0,83.0,0.038,2.077,0.426,0.704,-0.115
1834,45.0,84.0,0.038,2.114,0.418,0.708,-0.115
1835,45.0,85.0,0.036,2.053,0.368,0.717,-0.115
1836,45.0,86.0,0.04,2.096,0.404,0.717,-0.115
1837,45.0,87.0,0.043,2.144,0.4,0.717,-0.115
1838,45.0,88.0,0.044,2.169,0.408,0.717,-0.115
1839,45.0,89.0,0.045,2.192,0.408,0.717,-0.115
1840,45.0,90.0,0.044,2.178,0.408,0.711,-0.115
1841,45.0,91.0,0.045,2.138,0.417,0.635,-0.115
1842,45.0,92.0,0.043,2.071,0.417,0.635,-0.115
1843,45.0,93.0,0.045,2.098,0.426,0.635,-0.115
1844,45.0,94.0,0.043,2.067,0.417,0.635,-0.115
1845,46.0,51.0,0.041,2.467,0.417,0.636,-0.106
1846,46.0,52.0,0.041,2.427,0.424,0.636,-0.106
1847,46.0,53.0,0.042,2.502,0.407,0.706,-0.106
1848,46.0,54.0,0.043,2.549,0.407,0.732,-0.106
1849,46.0,55.0,0.044,2.591,0.407,0.732,-0.106
1850,46.0,56.0,0.045,2.595,0.397,0.747,-0.106
1851,46.0,57.0,0.046,2.596,0.411,0.747,-0.106
1852,46.0,58.0,0.046,2.609,0.404,0.748,-0.106
1853,46.0,59.0,0.046,2.599,0.404,0.742,-0.1
1854,46.0,60.0,0.046,2.604,0.421,0.742,-0.1
1855,46.0,61.0,0.046,2.575,0.429,0.735,-0.1
1856,46.0,62.0,0.046,2.58,0.429,0.795,-0.1
1857,46.0,63.0,0.043,2.467,0.404,0.79,-0.1
1858,46.0,64.0,0.043,2.428,0.386,0.79,-0.112
1859,46.0,65.0,0.043,2.437,0.386,0.79,-0.112
1860,46.0,66.0,0.043,2.426,0.393,0.787,-0.112
1861,46.0,67.0,0.043,2.448,0.386,0.829,-0.112
1862,46.0,68.0,0.043,2.467,0.386,0.829,-0.112
1863,46.0,69.0,0.044,2.449,0.393,0.829,-0.112
1864,46.0,70.0,0.042,2.329,0.4,0.834,-0.112
1865,46.0,71.0,0.04,2.186,0.4,0.797,-0.112
1866,46.0,72.0,0.04,2.168,0.407,0.797,-0.112
1867,46.0,73.0,0.039,2.138,0.4,0.787,-0.112
1868,46.0,74.0,0.04,2.136,0.407,0.787,-0.112
1869,46.0,75.0,0.039,2.1,0.426,0.787,-0.115
1870,46.0,76.0,0.038,2.013,0.434,0.716,-0.115
1871,46.0,77.0,0.037,2.005,0.407,0.704,-0.115
1872,46.0,78.0,0.036,1.944,0.407,0.704,-0.115
1873,46.0,79.0,0.037,2.003,0.407,0.704,-0.115
1874,46.0,80.0,0.038,2.079,0.407,0.704,-0.115
1875,46.0,81.0,0.039,2.086,0.426,0.704,-0.115
1876,46.0,82.0,0.039,2.084,0.426,0.708,-0.115
1877,46.0,83.0,0.037,2.059,0.382,0.717,-0.115
1878,46.0,84.0,0.037,2.076,0.375,0.717,-0.115
1879,46.0,85.0,0.041,2.11,0.412,0.717,-0.115
1880,46.0,86.0,0.043,2.149,0.4,0.717,-0.115
1881,46.0,87.0,0.045,2.185,0.408,0.717,-0.115
1882,46.0,88.0,0.045,2.186,0.408,0.711,-0.115
1883,46.0,89.0,0.046,2.221,0.417,0.711,-0.115
1884,46.0,90.0,0.045,2.142,0.417,0.635,-0.115
1885,46.0,91.0,0.045,2.119,0.426,0.635,-0.115
1886,46.0,92.0,0.045,2.095,0.426,0.635,-0.115
1887,46.0,93.0,0.045,2.108,0.426,0.635,-0.115
1888,46.0,94.0,0.044,2.112,0.417,0.635,-0.115
1889,46.0,95.0,0.042,2.124,0.42,0.638,-0.115
1890,47.0,52.0,0.043,2.529,0.407,0.732,-0.106
1891,47.0,53.0,0.043,2.54,0.407,0.732,-0.106
1892,47.0,54.0,0.044,2.575,0.414,0.732,-0.106
1893,47.0,55.0,0.044,2.575,0.397,0.747,-0.106
1894,47.0,56.0,0.046,2.581,0.411,0.748,-0.106
1895,47.0,57.0,0.046,2.616,0.404,0.748,-0.106
1896,47.0,58.0,0.045,2.579,0.404,0.742,-0.1
1897,47.0,59.0,0.046,2.61,0.421,0.742,-0.1
1898,47.0,60.0,0.046,2.602,0.429,0.795,-0.1
1899,47.0,61.0,0.046,2.557,0.411,0.795,-0.1
1900,47.0,62.0,0.042,2.43,0.397,0.79,-0.1
1901,47.0,63.0,0.042,2.418,0.386,0.79,-0.112
1902,47.0,64.0,0.043,2.445,0.386,0.79,-0.112
1903,47.0,65.0,0.043,2.407,0.393,0.787,-0.112
1904,47.0,66.0,0.044,2.448,0.393,0.829,-0.112
1905,47.0,67.0,0.043,2.439,0.386,0.829,-0.112
1906,47.0,68.0,0.044,2.422,0.4,0.834,-0.112
1907,47.0,69.0,0.041,2.232,0.4,0.834,-0.112
1908,47.0,70.0,0.04,2.2,0.4,0.797,-0.112
1909,47.0,71.0,0.04,2.157,0.407,0.787,-0.112
1910,47.0,72.0,0.039,2.121,0.4,0.787,-0.112
1911,47.0,73.0,0.039,2.121,0.407,0.787,-0.115
1912,47.0,74.0,0.039,2.088,0.426,0.787,-0.115
1913,47.0,75.0,0.038,2.018,0.434,0.704,-0.115
1914,47.0,76.0,0.037,2.017,0.407,0.704,-0.115
1915,47.0,77.0,0.037,1.991,0.407,0.704,-0.115
1916,47.0,78.0,0.038,2.05,0.407,0.704,-0.115
1917,47.0,79.0,0.038,2.063,0.407,0.704,-0.115
1918,47.0,80.0,0.039,2.085,0.434,0.704,-0.115
1919,47.0,81.0,0.038,2.053,0.407,0.708,-0.115
1920,47.0,82.0,0.037,2.062,0.375,0.717,-0.115
1921,47.0,83.0,0.038,2.049,0.389,0.717,-0.115
1922,47.0,84.0,0.042,2.121,0.412,0.717,-0.115
1923,47.0,85.0,0.045,2.202,0.408,0.717,-0.115
1924,47.0,86.0,0.045,2.192,0.408,0.711,-0.115
1925,47.0,87.0,0.044,2.161,0.408,0.711,-0.115
1926,47.0,88.0,0.044,2.133,0.417,0.635,-0.115
1927,47.0,89.0,0.045,2.116,0.426,0.635,-0.115
1928,47.0,90.0,0.045,2.113,0.426,0.635,-0.115
1929,47.0,91.0,0.045,2.135,0.426,0.635,-0.115
1930,47.0,92.0,0.046,2.162,0.426,0.638,-0.115
1931,47.0,93.0,0.045,2.155,0.438,0.638,-0.115
1932,47.0,94.0,0.042,2.12,0.42,0.638,-0.115
1933,47.0,95.0,0.043,2.093,0.429,0.638,-0.115
1934,47.0,96.0,0.046,2.15,0.447,0.658,-0.115
1935,48.0,53.0,0.044,2.571,0.414,0.732,-0.106
1936,48.0,54.0,0.044,2.565,0.397,0.747,-0.106
1937,48.0,55.0,0.045,2.565,0.404,0.748,-0.106
1938,48.0,56.0,0.046,2.611,0.404,0.748,-0.106
1939,48.0,57.0,0.046,2.612,0.421,0.742,-0.1
1940,48.0,58.0,0.046,2.585,0.429,0.735,-0.1
1941,48.0,59.0,0.046,2.577,0.429,0.795,-0.1
1942,48.0,60.0,0.045,2.523,0.411,0.795,-0.1
1943,48.0,61.0,0.042,2.434,0.379,0.79,-0.112
1944,48.0,62.0,0.043,2.424,0.386,0.79,-0.112
1945,48.0,63.0,0.043,2.449,0.386,0.79,-0.112
1946,48.0,64.0,0.043,2.417,0.393,0.787,-0.112
1947,48.0,65.0,0.044,2.454,0.393,0.829,-0.112
1948,48.0,66.0,0.044,2.447,0.393,0.829,-0.112
1949,48.0,67.0,0.043,2.383,0.4,0.834,-0.112
1950,48.0,68.0,0.041,2.241,0.4,0.834,-0.112
1951,48.0,69.0,0.04,2.216,0.4,0.797,-0.112
1952,48.0,70.0,0.04,2.149,0.407,0.787,-0.112
1953,48.0,71.0,0.04,2.134,0.407,0.787,-0.115
1954,48.0,72.0,0.038,2.101,0.418,0.787,-0.115
1955,48.0,73.0,0.039,2.097,0.426,0.774,-0.115
1956,48.0,74.0,0.038,2.024,0.415,0.704,-0.115
1957,48.0,75.0,0.037,2.012,0.407,0.704,-0.115
1958,48.0,76.0,0.037,2.009,0.407,0.704,-0.115
1959,48.0,77.0,0.038,2.052,0.407,0.704,-0.115
1960,48.0,78.0,0.038,2.075,0.426,0.704,-0.115
1961,48.0,79.0,0.038,2.067,0.426,0.708,-0.115
1962,48.0,80.0,0.038,2.042,0.389,0.717,-0.115
1963,48.0,81.0,0.038,2.066,0.382,0.717,-0.115
1964,48.0,82.0,0.038,2.071,0.389,0.717,-0.115
1965,48.0,83.0,0.043,2.135,0.4,0.717,-0.115
1966,48.0,84.0,0.044,2.168,0.408,0.711,-0.115
1967,48.0,85.0,0.044,2.159,0.408,0.711,-0.115
1968,48.0,86.0,0.043,2.101,0.408,0.635,-0.115
1969,48.0,87.0,0.044,2.136,0.417,0.635,-0.115
1970,48.0,88.0,0.045,2.133,0.426,0.635,-0.115
1971,48.0,89.0,0.046,2.144,0.447,0.635,-0.115
1972,48.0,90.0,0.045,2.132,0.426,0.638,-0.115
1973,48.0,91.0,0.046,2.165,0.447,0.638,-0.115
1974,48.0,92.0,0.044,2.176,0.449,0.638,-0.115
1975,48.0,93.0,0.042,2.125,0.42,0.638,-0.115
1976,48.0,94.0,0.044,2.122,0.438,0.658,-0.115
1977,48.0,95.0,0.045,2.117,0.426,0.658,-0.115
1978,48.0,96.0,0.046,2.108,0.435,0.658,-0.115
1979,48.0,97.0,0.046,2.106,0.413,0.638,-0.115
1980,49.0,54.0,0.045,2.568,0.404,0.748,-0.106
1981,49.0,55.0,0.046,2.625,0.404,0.742,-0.106
1982,49.0,56.0,0.046,2.596,0.421,0.742,-0.1
1983,49.0,57.0,0.046,2.564,0.429,0.735,-0.1
1984,49.0,58.0,0.046,2.577,0.429,0.795,-0.1
1985,49.0,59.0,0.045,2.519,0.411,0.795,-0.1
1986,49.0,60.0,0.042,2.417,0.386,0.79,-0.112
1987,49.0,61.0,0.042,2.409,0.386,0.79,-0.112
1988,49.0,62.0,0.043,2.424,0.386,0.787,-0.112
1989,49.0,63.0,0.043,2.395,0.393,0.787,-0.112
1990,49.0,64.0,0.043,2.425,0.393,0.829,-0.112
1991,49.0,65.0,0.043,2.388,0.393,0.829,-0.112
1992,49.0,66.0,0.042,2.303,0.4,0.834,-0.112
1993,49.0,67.0,0.04,2.222,0.4,0.834,-0.112
1994,49.0,68.0,0.04,2.186,0.4,0.787,-0.112
1995,49.0,69.0,0.039,2.124,0.407,0.787,-0.112
1996,49.0,70.0,0.04,2.133,0.407,0.787,-0.115
1997,49.0,71.0,0.038,2.095,0.418,0.787,-0.115
1998,49.0,72.0,0.037,2.048,0.418,0.704,-0.115
1999,49.0,73.0,0.037,2.025,0.407,0.704,-0.115
2000,49.0,74.0,0.038,2.007,0.415,0.704,-0.115
2001,49.0,75.0,0.038,2.05,0.407,0.704,-0.115
2002,49.0,76.0,0.038,2.076,0.407,0.704,-0.115
2003,49.0,77.0,0.038,2.075,0.426,0.708,-0.115
2004,49.0,78.0,0.037,2.012,0.407,0.708,-0.115
2005,49.0,79.0,0.039,2.06,0.396,0.717,-0.115
2006,49.0,80.0,0.036,2.031,0.368,0.717,-0.115
2007,49.0,81.0,0.037,2.05,0.382,0.717,-0.115
2008,49.0,82.0,0.042,2.166,0.392,0.711,-0.115
2009,49.0,83.0,0.043,2.153,0.4,0.711,-0.115
2010,49.0,84.0,0.044,2.178,0.4,0.711,-0.115
2011,49.0,85.0,0.042,2.09,0.4,0.635,-0.115
2012,49.0,86.0,0.044,2.095,0.417,0.635,-0.115
2013,49.0,87.0,0.044,2.098,0.417,0.635,-0.115
2014,49.0,88.0,0.044,2.132,0.408,0.638,-0.115
2015,49.0,89.0,0.046,2.167,0.447,0.638,-0.115
2016,49.0,90.0,0.047,2.212,0.468,0.638,-0.115
2017,49.0,91.0,0.044,2.167,0.429,0.638,-0.115
2018,49.0,92.0,0.042,2.12,0.42,0.638,-0.115
2019,49.0,93.0,0.046,2.181,0.447,0.658,-0.115
2020,49.0,94.0,0.045,2.096,0.426,0.638,-0.115
2021,49.0,95.0,0.045,2.088,0.413,0.638,-0.115
2022,49.0,96.0,0.046,2.106,0.413,0.638,-0.115
2023,49.0,97.0,0.046,2.085,0.422,0.638,-0.115
2024,49.0,98.0,0.046,2.068,0.422,0.638,-0.115
